Прибор: ;Паскаль (01); ; Интервал: ;2023-02-21 00:00:00; / ;2023-03-08 00:00:00;
Date;weather_temp;weather_pressure;
2023-02-21 14:58:46;32.68;747.09;
2023-02-21 14:59:49;32.68;746.92;
2023-02-21 15:00:55;32.71;746.95;
2023-02-21 15:01:58;32.62;746.94;
2023-02-21 15:02:57;32.63;746.88;
2023-02-21 15:04:00;32.64;746.87;
2023-02-21 15:05:04;32.65;746.87;
2023-02-21 15:06:07;32.65;746.9;
2023-02-21 15:07:10;32.65;746.93;
2023-02-21 15:08:14;32.65;747;
2023-02-21 15:09:17;32.63;746.89;
2023-02-21 15:10:21;32.62;746.92;
2023-02-21 15:11:24;32.65;746.82;
2023-02-21 15:12:27;32.63;746.89;
2023-02-21 15:13:31;32.51;746.94;
2023-02-21 15:14:34;32.49;746.88;
2023-02-21 15:15:38;32.41;746.8;
2023-02-21 15:16:41;32.31;746.85;
2023-02-21 15:17:44;32.3;746.81;
2023-02-21 15:18:48;32.26;746.7;
2023-02-21 15:19:52;32.24;746.56;
2023-02-21 15:20:55;32.2;746.63;
2023-02-21 15:21:59;32.17;746.6;
2023-02-21 15:23:02;32.07;746.59;
2023-02-21 15:24:05;31.99;746.71;
2023-02-21 15:25:09;31.97;746.55;
2023-02-21 15:26:12;31.85;746.71;
2023-02-21 15:27:16;31.75;746.69;
2023-02-21 15:28:19;31.75;746.65;
2023-02-21 15:29:22;31.69;746.64;
2023-02-21 15:30:26;31.67;746.67;
2023-02-21 15:31:29;31.59;746.74;
2023-02-21 15:32:32;31.54;746.95;
2023-02-21 15:33:36;31.53;746.69;
2023-02-21 15:34:39;31.47;746.68;
2023-02-21 15:35:42;31.42;746.72;
2023-02-21 15:36:46;31.37;746.77;
2023-02-21 15:37:49;31.31;746.66;
2023-02-21 15:38:52;31.28;746.67;
2023-02-21 15:39:56;31.22;746.62;
2023-02-21 15:40:59;31.22;746.79;
2023-02-21 15:42:02;31.21;746.73;
2023-02-21 15:43:06;31.15;746.63;
2023-02-21 15:44:09;31.03;746.78;
2023-02-21 15:45:13;31.02;746.68;
2023-02-21 15:46:16;30.93;746.74;
2023-02-21 15:47:19;30.92;746.84;
2023-02-21 15:48:23;30.9;746.68;
2023-02-21 15:49:23;30.88;746.75;
2023-02-21 15:50:26;30.77;746.78;
2023-02-21 15:51:30;30.83;746.83;
2023-02-21 15:52:33;30.84;746.85;
2023-02-21 15:53:36;30.82;746.72;
2023-02-21 15:54:39;30.75;746.82;
2023-02-21 15:55:43;30.73;746.76;
2023-02-21 15:56:46;30.71;746.82;
2023-02-21 15:57:49;30.72;746.69;
2023-02-21 15:58:52;30.73;746.77;
2023-02-21 15:59:56;30.74;746.73;
2023-02-21 16:00:59;30.76;746.78;
2023-02-21 16:02:02;30.77;746.79;
2023-02-21 16:03:06;30.77;746.72;
2023-02-21 16:04:09;30.73;746.67;
2023-02-21 16:05:12;30.71;746.77;
2023-02-21 16:06:16;30.68;746.73;
2023-02-21 16:07:19;30.63;746.65;
2023-02-21 16:08:22;30.67;746.63;
2023-02-21 16:09:26;30.64;746.73;
2023-02-21 16:10:29;30.63;746.66;
2023-02-21 16:11:32;30.62;746.74;
2023-02-21 16:12:36;30.46;746.77;
2023-02-21 16:13:39;30.43;746.69;
2023-02-21 16:14:42;30.41;746.76;
2023-02-21 16:15:45;30.37;746.68;
2023-02-21 16:16:49;30.32;746.57;
2023-02-21 16:17:52;30.25;746.62;
2023-02-21 16:18:55;30.24;746.62;
2023-02-21 16:19:59;30.24;746.67;
2023-02-21 16:21:02;30.24;746.6;
2023-02-21 16:22:05;30.24;746.57;
2023-02-21 16:23:09;30.17;746.56;
2023-02-21 16:24:12;30.07;746.6;
2023-02-21 16:25:15;30.02;746.59;
2023-02-21 16:26:18;30;746.66;
2023-02-21 16:27:22;29.95;746.62;
2023-02-21 16:28:25;29.91;746.53;
2023-02-21 16:29:28;29.88;746.76;
2023-02-21 16:30:32;29.87;746.62;
2023-02-21 16:31:35;29.84;746.59;
2023-02-21 16:32:38;29.84;746.47;
2023-02-21 16:33:41;29.82;746.49;
2023-02-21 16:34:45;29.82;746.48;
2023-02-21 16:35:48;29.81;746.47;
2023-02-21 16:36:51;29.77;746.5;
2023-02-21 16:37:55;29.76;746.52;
2023-02-21 16:38:59;29.77;746.52;
2023-02-21 16:40:02;29.78;746.35;
2023-02-21 16:41:05;29.74;746.37;
2023-02-21 16:42:09;29.74;746.38;
2023-02-21 16:43:12;29.68;746.32;
2023-02-21 16:44:16;29.71;746.21;
2023-02-21 16:45:19;29.65;746.3;
2023-02-21 16:46:22;29.63;746.31;
2023-02-21 16:47:25;29.51;746.29;
2023-02-21 16:48:29;29.47;746.35;
2023-02-21 16:49:33;29.42;746.3;
2023-02-21 16:50:32;29.35;746.36;
2023-02-21 16:51:36;29.35;746.37;
2023-02-21 16:52:39;29.33;746.2;
2023-02-21 16:53:42;29.29;746.33;
2023-02-21 16:54:46;29.27;746.34;
2023-02-21 16:55:49;29.21;746.33;
2023-02-21 16:56:53;29.25;746.39;
2023-02-21 16:57:57;29.26;746.3;
2023-02-21 16:59:00;29.22;746.23;
2023-02-21 17:00:03;29.24;746.23;
2023-02-21 17:01:07;29.25;746.27;
2023-02-21 17:02:10;29.21;746.22;
2023-02-21 17:03:14;29.19;746.15;
2023-02-21 17:04:17;29.18;746.2;
2023-02-21 17:05:20;29.13;746.19;
2023-02-21 17:06:24;29.03;746.26;
2023-02-21 17:07:27;28.99;746.25;
2023-02-21 17:08:30;29.02;746.07;
2023-02-21 17:09:34;29;746.19;
2023-02-21 17:10:37;29.03;746.09;
2023-02-21 17:11:40;29.03;746.04;
2023-02-21 17:12:44;29.05;746.13;
2023-02-21 17:13:47;29.03;746.07;
2023-02-21 17:14:50;29.02;746.15;
2023-02-21 17:15:54;29.05;746.14;
2023-02-21 17:16:57;29.02;745.91;
2023-02-21 17:18:00;29.01;746.03;
2023-02-21 17:19:04;28.99;746.01;
2023-02-21 17:20:07;29;746;
2023-02-21 17:21:11;28.97;745.94;
2023-02-21 17:22:14;28.96;745.81;
2023-02-21 17:23:17;28.94;745.99;
2023-02-21 17:24:21;28.93;745.86;
2023-02-21 17:25:24;28.91;745.87;
2023-02-21 17:26:27;28.9;745.8;
2023-02-21 17:27:31;28.89;745.92;
2023-02-21 17:28:34;28.88;745.87;
2023-02-21 17:29:38;28.86;745.83;
2023-02-21 17:30:38;28.86;745.78;
2023-02-21 17:31:41;28.86;745.81;
2023-02-21 17:32:44;28.84;745.84;
2023-02-21 17:33:48;28.83;745.88;
2023-02-21 17:34:51;28.79;745.86;
2023-02-21 17:35:54;28.77;745.85;
2023-02-21 17:36:58;28.74;745.83;
2023-02-21 17:38:01;28.69;745.89;
2023-02-21 17:39:05;28.61;745.92;
2023-02-21 17:40:08;28.59;745.89;
2023-02-21 17:41:12;28.59;746.01;
2023-02-21 17:42:15;28.59;745.97;
2023-02-21 17:43:18;28.57;745.99;
2023-02-21 17:44:22;28.54;745.97;
2023-02-21 17:45:25;28.53;746.01;
2023-02-21 17:46:28;28.5;745.98;
2023-02-21 17:47:32;28.49;746.06;
2023-02-21 17:48:36;28.5;746.16;
2023-02-21 17:49:35;28.44;746.08;
2023-02-21 17:50:38;28.42;746.07;
2023-02-21 17:51:42;28.4;745.91;
2023-02-21 17:52:45;28.37;745.93;
2023-02-21 17:53:48;28.35;745.92;
2023-02-21 17:54:52;28.33;745.92;
2023-02-21 17:55:55;28.3;746.01;
2023-02-21 17:56:58;28.31;745.92;
2023-02-21 17:58:02;28.32;745.79;
2023-02-21 17:59:05;28.26;745.85;
2023-02-21 18:00:09;28.14;745.69;
2023-02-21 18:01:12;28;745.85;
2023-02-21 18:02:16;27.96;745.79;
2023-02-21 18:03:19;27.93;745.75;
2023-02-21 18:04:22;27.93;745.79;
2023-02-21 18:05:26;27.95;745.72;
2023-02-21 18:06:29;27.89;745.73;
2023-02-21 18:07:32;27.85;745.73;
2023-02-21 18:08:36;27.79;745.74;
2023-02-21 18:09:39;27.78;745.82;
2023-02-21 18:10:42;27.8;745.79;
2023-02-21 18:11:46;27.88;745.69;
2023-02-21 18:12:49;27.8;745.83;
2023-02-21 18:13:52;27.76;745.78;
2023-02-21 18:14:56;27.74;745.81;
2023-02-21 18:15:59;27.74;745.69;
2023-02-21 18:17:02;27.71;745.81;
2023-02-21 18:18:06;27.67;745.68;
2023-02-21 18:19:09;27.62;745.73;
2023-02-21 18:20:13;27.66;745.83;
2023-02-21 18:21:16;27.59;745.92;
2023-02-21 18:22:20;27.49;745.89;
2023-02-21 18:23:23;27.42;745.9;
2023-02-21 18:24:26;27.34;745.92;
2023-02-21 18:25:30;27.32;745.94;
2023-02-21 18:26:33;27.27;745.95;
2023-02-21 18:27:36;27.35;746;
2023-02-21 18:28:40;27.25;745.89;
2023-02-21 18:29:43;27.29;745.88;
2023-02-21 18:30:46;27.18;745.94;
2023-02-21 18:31:51;27.08;745.89;
2023-02-21 18:32:50;27.04;746.04;
2023-02-21 18:33:54;27.08;745.99;
2023-02-21 18:34:57;27.07;746.05;
2023-02-21 18:36:00;27.13;746.05;
2023-02-21 18:37:04;27.06;746.05;
2023-02-21 18:38:07;27.02;746.03;
2023-02-21 18:39:11;27.05;746.07;
2023-02-21 18:40:14;27.09;746.08;
2023-02-21 18:41:18;27.07;746.14;
2023-02-21 18:42:22;27.05;746.1;
2023-02-21 18:43:25;26.99;746.13;
2023-02-21 18:44:29;26.95;746.05;
2023-02-21 18:45:33;26.97;746.22;
2023-02-21 18:46:36;26.99;746.07;
2023-02-21 18:47:39;27;746.24;
2023-02-21 18:48:43;27.01;746.21;
2023-02-21 18:49:46;27.02;746.21;
2023-02-21 18:50:50;27.04;746.15;
2023-02-21 18:51:53;27.07;746.14;
2023-02-21 18:52:56;27.02;746.13;
2023-02-21 18:53:59;27;746.18;
2023-02-21 18:55:03;26.97;746.2;
2023-02-21 18:56:06;26.98;746.26;
2023-02-21 18:57:10;26.95;746.25;
2023-02-21 18:58:13;26.98;746.29;
2023-02-21 18:59:17;26.94;746.33;
2023-02-21 19:00:21;26.97;746.29;
2023-02-21 19:01:20;26.96;746.37;
2023-02-21 19:02:23;26.99;746.43;
2023-02-21 19:03:26;27;746.39;
2023-02-21 19:04:29;27.05;746.41;
2023-02-21 19:05:32;27.04;746.44;
2023-02-21 19:06:36;27.05;746.5;
2023-02-21 19:07:39;27.11;746.56;
2023-02-21 19:08:42;27.15;746.5;
2023-02-21 19:09:45;27.18;746.52;
2023-02-21 19:10:48;27.19;746.56;
2023-02-21 19:11:51;27.15;746.51;
2023-02-21 19:12:55;27.22;746.59;
2023-02-21 19:13:58;27.21;746.46;
2023-02-21 19:15:01;27.18;746.68;
2023-02-21 19:16:04;27.19;746.68;
2023-02-21 19:17:08;27.2;746.65;
2023-02-21 19:18:11;27.23;746.7;
2023-02-21 19:19:14;27.26;746.65;
2023-02-21 19:20:17;27.28;746.73;
2023-02-21 19:21:20;27.29;746.78;
2023-02-21 19:22:23;27.28;746.63;
2023-02-21 19:23:26;27.27;746.75;
2023-02-21 19:24:29;27.3;746.77;
2023-02-21 19:25:33;27.29;746.77;
2023-02-21 19:26:36;27.26;746.76;
2023-02-21 19:27:39;27.24;746.6;
2023-02-21 19:28:42;27.19;746.8;
2023-02-21 19:29:45;27.13;746.72;
2023-02-21 19:30:48;27.09;746.81;
2023-02-21 19:31:52;27.07;746.75;
2023-02-21 19:32:55;27.05;746.76;
2023-02-21 19:33:58;27.04;746.72;
2023-02-21 19:35:02;27.04;746.74;
2023-02-21 19:36:05;27.08;746.68;
2023-02-21 19:37:08;27.1;746.7;
2023-02-21 19:38:11;27.13;746.7;
2023-02-21 19:39:15;27.12;746.62;
2023-02-21 19:40:18;27.12;746.7;
2023-02-21 19:52:00;27.43;746.77;
2023-02-21 19:53:04;27.4;746.76;
2023-02-21 19:54:04;27.35;746.75;
2023-02-21 19:55:08;27.3;746.77;
2023-02-21 19:56:11;27.34;746.91;
2023-02-21 19:57:14;27.38;746.85;
2023-02-21 19:58:18;27.35;746.81;
2023-02-21 19:59:21;27.37;746.8;
2023-02-21 20:00:24;27.34;746.72;
2023-02-21 20:01:28;27.32;746.65;
2023-02-21 20:02:31;27.27;746.78;
2023-02-21 20:03:35;27.26;746.73;
2023-02-21 20:04:38;27.25;746.79;
2023-02-21 20:05:41;27.24;746.72;
2023-02-21 20:06:44;27.23;746.78;
2023-02-21 20:07:48;27.23;746.77;
2023-02-21 20:08:51;26.95;746.76;
2023-02-21 20:09:54;26.96;746.87;
2023-02-21 20:10:57;26.98;746.79;
2023-02-21 20:12:00;27;746.82;
2023-02-21 20:13:03;26.99;746.79;
2023-02-21 20:14:06;26.97;746.99;
2023-02-21 20:15:11;26.98;746.82;
2023-02-21 20:16:10;26.99;746.92;
2023-02-21 20:17:13;26.98;746.7;
2023-02-21 20:18:16;26.98;746.85;
2023-02-21 20:19:19;26.97;746.82;
2023-02-21 20:20:22;26.96;746.87;
2023-02-21 20:21:25;26.97;746.67;
2023-02-21 20:22:29;26.98;746.62;
2023-02-21 20:23:32;26.92;746.64;
2023-02-21 20:24:35;26.9;746.69;
2023-02-21 20:25:41;26.88;746.73;
2023-02-21 20:26:40;26.86;746.72;
2023-02-21 20:27:43;26.86;746.8;
2023-02-21 20:28:46;26.85;746.73;
2023-02-21 20:29:49;26.86;746.68;
2023-02-21 20:30:52;26.88;746.7;
2023-02-21 20:31:55;26.9;746.68;
2023-02-21 20:32:59;26.88;746.69;
2023-02-21 20:34:02;26.88;746.75;
2023-02-21 20:35:06;26.88;746.76;
2023-02-21 20:36:09;26.9;746.79;
2023-02-21 20:37:12;26.9;746.68;
2023-02-21 20:38:15;26.9;746.82;
2023-02-21 20:39:19;26.91;746.82;
2023-02-21 20:40:22;26.92;746.66;
2023-02-21 20:41:25;26.92;746.85;
2023-02-21 20:42:28;26.93;746.87;
2023-02-21 20:43:31;26.95;746.79;
2023-02-21 20:44:34;26.97;746.66;
2023-02-21 20:45:38;26.97;746.67;
2023-02-21 20:46:41;26.96;746.69;
2023-02-21 20:47:44;26.97;746.79;
2023-02-21 20:48:47;26.96;746.87;
2023-02-21 20:49:50;26.97;746.91;
2023-02-21 20:50:53;26.97;746.93;
2023-02-21 20:51:56;26.97;746.86;
2023-02-21 20:53:00;26.98;746.89;
2023-02-21 20:54:03;26.99;746.94;
2023-02-21 20:55:07;26.98;746.85;
2023-02-21 20:56:10;26.97;746.74;
2023-02-21 20:57:13;26.97;746.66;
2023-02-21 20:58:16;26.97;746.62;
2023-02-21 20:59:19;26.95;746.68;
2023-02-21 21:00:22;26.89;746.68;
2023-02-21 21:01:26;26.86;746.72;
2023-02-21 21:02:29;26.86;746.8;
2023-02-21 21:03:32;26.85;746.71;
2023-02-21 21:04:35;26.86;746.71;
2023-02-21 21:05:38;26.86;746.69;
2023-02-21 21:06:41;26.87;746.64;
2023-02-21 21:07:44;26.88;746.8;
2023-02-21 21:08:48;26.89;746.56;
2023-02-21 21:09:51;26.91;746.64;
2023-02-21 21:10:54;26.9;746.55;
2023-02-21 21:11:57;26.9;746.58;
2023-02-21 21:13:00;26.91;746.68;
2023-02-21 21:14:03;26.92;746.78;
2023-02-21 21:15:08;26.89;746.72;
2023-02-21 21:16:07;26.85;746.82;
2023-02-21 21:17:10;26.86;746.66;
2023-02-21 21:18:13;26.86;747.1;
2023-02-21 21:19:16;26.85;747.08;
2023-02-21 21:20:19;26.82;746.86;
2023-02-21 21:21:22;26.8;746.75;
2023-02-21 21:22:26;26.76;747.09;
2023-02-21 21:23:29;26.77;746.96;
2023-02-21 21:24:32;26.76;746.93;
2023-02-21 21:25:35;26.73;746.73;
2023-02-21 21:26:39;26.73;747.13;
2023-02-21 21:27:42;26.72;746.76;
2023-02-21 21:28:45;26.7;746.75;
2023-02-21 21:29:49;26.62;746.96;
2023-02-21 21:30:52;26.61;747.09;
2023-02-21 21:31:55;26.57;747.09;
2023-02-21 21:32:58;26.54;747.05;
2023-02-21 21:34:02;26.49;747.08;
2023-02-21 21:35:06;26.48;747.01;
2023-02-21 21:36:05;26.5;746.96;
2023-02-21 21:37:08;26.53;746.93;
2023-02-21 21:38:11;26.55;746.84;
2023-02-21 21:39:15;26.54;746.92;
2023-02-21 21:40:18;26.51;746.99;
2023-02-21 21:41:21;26.41;747.07;
2023-02-21 21:42:24;26.35;747.09;
2023-02-21 21:43:27;26.3;747;
2023-02-21 21:44:30;26.24;747.18;
2023-02-21 21:45:34;26.26;747.15;
2023-02-21 21:46:37;26.26;747.07;
2023-02-21 21:47:40;26.27;746.96;
2023-02-21 21:48:43;26.26;747.12;
2023-02-21 21:49:46;26.26;747.19;
2023-02-21 21:50:49;26.22;747.14;
2023-02-21 21:51:53;26.2;746.98;
2023-02-21 21:52:56;26.16;747.09;
2023-02-21 21:53:59;26.08;747.28;
2023-02-21 21:55:03;26.02;747.18;
2023-02-21 21:56:06;26;747.31;
2023-02-21 21:57:09;25.99;747.35;
2023-02-21 21:58:12;25.97;747.29;
2023-02-21 21:59:15;25.95;747.36;
2023-02-21 22:00:19;25.92;747.45;
2023-02-21 22:01:22;25.88;747.19;
2023-02-21 22:02:25;25.79;747.72;
2023-02-21 22:03:29;25.76;747.74;
2023-02-21 22:04:31;25.77;747.55;
2023-02-21 22:05:30;25.79;747.59;
2023-02-21 22:06:33;25.79;747.64;
2023-02-21 22:07:36;25.77;747.76;
2023-02-21 22:08:39;25.82;747.79;
2023-02-21 22:09:42;25.87;747.82;
2023-02-21 22:10:45;25.86;747.96;
2023-02-21 22:11:48;25.88;748.02;
2023-02-21 22:12:52;25.89;747.98;
2023-02-21 22:13:55;25.88;748.03;
2023-02-21 22:14:58;25.87;748.13;
2023-02-21 22:16:01;25.89;748.14;
2023-02-21 22:17:05;25.91;748.35;
2023-02-21 22:18:08;25.96;748.22;
2023-02-21 22:19:11;25.98;748.17;
2023-02-21 22:20:14;25.96;748.38;
2023-02-21 22:21:18;25.96;748.35;
2023-02-21 22:22:21;26;748.39;
2023-02-21 22:23:24;26;748.03;
2023-02-21 22:24:27;25.98;748.35;
2023-02-21 22:25:30;25.89;748.42;
2023-02-21 22:26:35;25.95;748.34;
2023-02-21 22:27:34;25.83;748.45;
2023-02-21 22:28:37;25.81;748.37;
2023-02-21 22:29:40;25.73;748.18;
2023-02-21 22:30:43;25.81;748.39;
2023-02-21 22:31:46;25.87;748.08;
2023-02-21 22:32:50;25.94;748.18;
2023-02-21 22:33:53;25.99;748.1;
2023-02-21 22:34:56;26.06;748.11;
2023-02-21 22:35:59;26.13;748.02;
2023-02-21 22:37:02;26.19;748.04;
2023-02-21 22:38:05;26.25;748.11;
2023-02-21 22:39:09;26.3;748.03;
2023-02-21 22:40:12;26.36;748.03;
2023-02-21 22:41:15;26.4;748.08;
2023-02-21 22:42:18;26.48;747.95;
2023-02-21 22:43:21;26.52;747.84;
2023-02-21 22:44:24;26.55;748.03;
2023-02-21 22:45:28;26.56;748.05;
2023-02-21 22:46:31;26.6;747.86;
2023-02-21 22:47:34;26.67;747.98;
2023-02-21 22:48:37;26.7;747.92;
2023-02-21 22:49:40;26.78;747.89;
2023-02-21 22:50:43;26.86;748.05;
2023-02-21 22:51:46;26.86;747.92;
2023-02-21 22:52:49;26.89;748.01;
2023-02-21 22:53:53;26.95;748.03;
2023-02-21 22:54:56;26.99;748.04;
2023-02-21 22:55:59;27.01;747.95;
2023-02-21 22:57:02;27.04;748.14;
2023-02-21 22:58:06;27.09;748.09;
2023-02-21 22:59:09;27.11;747.89;
2023-02-21 23:00:12;27.14;748.4;
2023-02-21 23:01:16;27.17;748.02;
2023-02-21 23:02:19;27.21;747.89;
2023-02-21 23:03:22;27.25;748.05;
2023-02-21 23:04:25;27.28;748.08;
2023-02-21 23:05:28;27.31;748.09;
2023-02-21 23:06:32;27.33;748.1;
2023-02-21 23:07:35;27.37;747.99;
2023-02-21 23:08:38;27.4;748.13;
2023-02-21 23:09:41;27.43;748.09;
2023-02-21 23:10:44;27.45;747.86;
2023-02-21 23:11:47;27.48;748.13;
2023-02-21 23:12:50;27.53;747.8;
2023-02-21 23:13:53;27.52;747.86;
2023-02-21 23:14:57;27.52;747.97;
2023-02-21 23:16:00;27.54;748.01;
2023-02-21 23:17:03;27.56;748.05;
2023-02-21 23:18:07;27.6;748.09;
2023-02-21 23:19:10;27.62;748.28;
2023-02-21 23:20:13;27.62;748.03;
2023-02-21 23:21:16;27.62;748.2;
2023-02-21 23:22:19;27.68;748.1;
2023-02-21 23:23:22;27.69;748.17;
2023-02-21 23:24:25;27.72;748.08;
2023-02-21 23:25:29;27.73;748.02;
2023-02-21 23:26:32;27.74;748.06;
2023-02-21 23:27:35;27.75;748.03;
2023-02-21 23:28:38;27.77;748.28;
2023-02-21 23:29:42;27.78;748.09;
2023-02-21 23:30:45;27.79;748.18;
2023-02-21 23:31:48;27.8;748.15;
2023-02-21 23:32:51;27.8;748.1;
2023-02-21 23:33:54;27.8;748.02;
2023-02-21 23:34:58;27.8;748.14;
2023-02-21 23:36:01;27.83;748.21;
2023-02-21 23:37:04;27.84;747.99;
2023-02-21 23:38:07;27.83;748.06;
2023-02-21 23:39:11;27.87;748.29;
2023-02-21 23:40:14;27.87;748.27;
2023-02-21 23:41:18;27.9;748.26;
2023-02-21 23:42:21;27.94;748.28;
2023-02-21 23:43:24;27.94;748.36;
2023-02-21 23:44:27;27.96;748.31;
2023-02-21 23:45:30;27.99;748.45;
2023-02-21 23:46:33;28.01;748.49;
2023-02-21 23:47:36;27.98;748.62;
2023-02-21 23:48:39;28.03;748.45;
2023-02-21 23:49:43;28.06;748.5;
2023-02-21 23:50:49;28.06;748.65;
2023-02-21 23:51:48;28.11;748.62;
2023-02-21 23:52:51;28.17;748.64;
2023-02-21 23:53:54;28.13;748.67;
2023-02-21 23:54:57;28.13;748.68;
2023-02-21 23:56:00;28.17;748.74;
2023-02-21 23:57:04;28.18;748.6;
2023-02-21 23:58:07;28.06;748.64;
2023-02-21 23:59:10;28.04;748.91;
2023-02-22 00:00:13;28.08;748.75;
2023-02-22 00:01:16;28.11;748.65;
2023-02-22 00:02:19;28.11;748.64;
2023-02-22 00:03:22;28.1;748.79;
2023-02-22 00:04:25;28.11;748.78;
2023-02-22 00:05:29;28.14;748.75;
2023-02-22 00:06:32;28.16;748.67;
2023-02-22 00:07:35;28.19;748.71;
2023-02-22 00:08:38;28.17;748.82;
2023-02-22 00:09:41;28.18;748.8;
2023-02-22 00:10:44;28.21;748.82;
2023-02-22 00:11:47;28.24;748.89;
2023-02-22 00:12:50;28.26;748.82;
2023-02-22 00:13:53;28.24;748.76;
2023-02-22 00:14:57;28.25;748.87;
2023-02-22 00:16:00;28.24;748.89;
2023-02-22 00:17:03;28.25;748.97;
2023-02-22 00:18:06;28.19;748.85;
2023-02-22 00:19:09;28.19;748.7;
2023-02-22 00:20:12;28.18;748.75;
2023-02-22 00:21:16;28.2;748.71;
2023-02-22 00:22:19;28.22;748.84;
2023-02-22 00:23:22;28.2;748.74;
2023-02-22 00:24:58;28.21;748.86;
2023-02-22 00:25:36;28.25;748.8;
2023-02-22 00:26:32;28.26;748.77;
2023-02-22 00:27:35;28.27;748.69;
2023-02-22 00:28:38;28.25;748.85;
2023-02-22 00:29:41;28.26;748.76;
2023-02-22 00:30:44;28.27;748.91;
2023-02-22 00:31:48;28.28;748.74;
2023-02-22 00:32:51;28.27;748.82;
2023-02-22 00:33:54;28.27;748.86;
2023-02-22 00:34:57;28.3;748.62;
2023-02-22 00:36:00;28.29;748.74;
2023-02-22 00:37:03;28.35;748.59;
2023-02-22 00:38:06;28.34;748.61;
2023-02-22 00:39:09;28.37;748.7;
2023-02-22 00:40:13;28.34;748.6;
2023-02-22 00:41:16;28.37;748.78;
2023-02-22 00:42:19;28.37;748.64;
2023-02-22 00:43:22;28.33;748.58;
2023-02-22 00:44:25;28.34;748.66;
2023-02-22 00:45:28;28.35;748.7;
2023-02-22 00:46:31;28.38;748.66;
2023-02-22 00:47:34;28.39;748.66;
2023-02-22 00:48:38;28.39;748.71;
2023-02-22 00:49:41;28.37;748.69;
2023-02-22 00:50:44;28.35;748.69;
2023-02-22 00:51:47;28.38;748.67;
2023-02-22 00:52:50;28.38;748.77;
2023-02-22 00:53:53;28.37;748.68;
2023-02-22 00:54:57;28.37;748.78;
2023-02-22 00:56:00;28.4;748.82;
2023-02-22 00:57:03;28.4;748.9;
2023-02-22 00:58:06;28.4;748.68;
2023-02-22 00:59:09;28.45;748.79;
2023-02-22 01:00:12;28.4;748.89;
2023-02-22 01:01:15;28.38;748.84;
2023-02-22 01:02:18;28.38;748.93;
2023-02-22 01:03:21;28.4;749.02;
2023-02-22 01:04:25;28.41;748.89;
2023-02-22 01:05:28;28.39;748.9;
2023-02-22 01:06:31;28.36;748.86;
2023-02-22 01:07:34;28.39;748.89;
2023-02-22 01:08:38;28.37;749.02;
2023-02-22 01:09:41;28.37;749.06;
2023-02-22 01:10:44;28.43;749.03;
2023-02-22 01:11:47;28.45;749.06;
2023-02-22 01:12:50;28.44;749.03;
2023-02-22 01:13:53;28.44;749.14;
2023-02-22 01:14:56;28.44;748.97;
2023-02-22 01:15:59;28.47;749.13;
2023-02-22 01:17:02;28.45;749.2;
2023-02-22 01:18:05;28.44;749.12;
2023-02-22 01:19:09;28.45;749.1;
2023-02-22 01:20:12;28.47;749.16;
2023-02-22 01:21:15;28.5;749.22;
2023-02-22 01:22:18;28.48;749.16;
2023-02-22 01:23:21;28.5;749.27;
2023-02-22 01:24:24;28.51;749.35;
2023-02-22 01:25:28;28.51;749.26;
2023-02-22 01:26:31;28.52;749.38;
2023-02-22 01:27:34;28.53;749.33;
2023-02-22 01:28:37;28.54;749.29;
2023-02-22 01:29:40;28.54;749.35;
2023-02-22 01:30:43;28.56;749.35;
2023-02-22 01:31:46;28.59;749.32;
2023-02-22 01:32:49;28.6;749.24;
2023-02-22 01:33:52;28.62;749.29;
2023-02-22 01:34:56;28.61;749.45;
2023-02-22 01:35:59;28.6;749.36;
2023-02-22 01:37:02;28.62;749.45;
2023-02-22 01:38:05;28.66;749.16;
2023-02-22 01:39:08;28.68;749.39;
2023-02-22 01:40:12;28.69;749.37;
2023-02-22 01:41:15;28.72;749.44;
2023-02-22 01:42:18;28.72;749.42;
2023-02-22 01:43:21;28.73;749.45;
2023-02-22 01:44:24;28.74;749.54;
2023-02-22 01:45:28;28.75;749.58;
2023-02-22 01:46:31;28.76;749.38;
2023-02-22 01:47:34;28.75;749.48;
2023-02-22 01:48:38;28.76;749.56;
2023-02-22 01:49:41;28.75;749.62;
2023-02-22 01:50:44;28.73;749.51;
2023-02-22 01:51:47;28.73;749.65;
2023-02-22 01:52:50;28.73;749.6;
2023-02-22 01:53:53;28.74;749.55;
2023-02-22 01:54:56;28.74;749.61;
2023-02-22 01:55:59;28.75;749.5;
2023-02-22 01:57:03;28.77;749.46;
2023-02-22 01:58:06;28.75;749.43;
2023-02-22 01:59:09;28.75;749.4;
2023-02-22 02:00:12;28.78;749.53;
2023-02-22 02:01:15;28.8;749.46;
2023-02-22 02:02:19;28.8;749.44;
2023-02-22 02:03:22;28.81;749.57;
2023-02-22 02:04:25;28.83;749.52;
2023-02-22 02:05:28;28.84;749.63;
2023-02-22 02:06:31;28.88;749.58;
2023-02-22 02:07:34;28.87;749.5;
2023-02-22 02:08:37;28.89;749.42;
2023-02-22 02:09:40;28.89;749.56;
2023-02-22 02:10:43;28.9;749.67;
2023-02-22 02:11:47;28.9;749.57;
2023-02-22 02:12:50;28.9;749.62;
2023-02-22 02:13:53;28.89;749.29;
2023-02-22 02:14:56;28.86;749.53;
2023-02-22 02:15:59;28.86;749.6;
2023-02-22 02:17:02;28.87;749.59;
2023-02-22 02:18:05;28.85;749.65;
2023-02-22 02:19:09;28.84;749.61;
2023-02-22 02:20:12;28.84;749.61;
2023-02-22 02:21:15;28.82;749.62;
2023-02-22 02:22:18;28.8;749.66;
2023-02-22 02:23:21;28.78;749.76;
2023-02-22 02:24:24;28.77;749.8;
2023-02-22 02:25:28;28.77;749.71;
2023-02-22 02:26:31;28.75;749.75;
2023-02-22 02:27:34;28.76;749.73;
2023-02-22 02:28:37;28.75;749.72;
2023-02-22 02:29:40;28.74;749.64;
2023-02-22 02:30:43;28.73;749.62;
2023-02-22 02:31:46;28.74;749.74;
2023-02-22 02:32:49;28.75;749.92;
2023-02-22 02:33:52;28.76;749.79;
2023-02-22 02:34:55;28.81;749.71;
2023-02-22 02:35:59;28.83;749.65;
2023-02-22 02:37:02;28.83;749.65;
2023-02-22 02:38:05;28.82;749.64;
2023-02-22 02:39:08;28.84;749.75;
2023-02-22 02:40:12;28.83;749.78;
2023-02-22 02:41:15;28.84;749.73;
2023-02-22 02:42:18;28.85;749.8;
2023-02-22 02:43:21;28.88;749.67;
2023-02-22 02:44:25;28.87;749.68;
2023-02-22 02:45:28;28.88;749.66;
2023-02-22 02:46:31;28.85;749.68;
2023-02-22 02:47:34;28.86;749.58;
2023-02-22 02:48:37;28.87;749.58;
2023-02-22 02:49:40;28.87;749.64;
2023-02-22 02:50:43;28.89;749.61;
2023-02-22 02:51:46;28.91;749.68;
2023-02-22 02:52:50;28.89;749.68;
2023-02-22 02:53:53;28.91;749.63;
2023-02-22 02:54:56;28.89;749.72;
2023-02-22 02:55:59;28.91;749.77;
2023-02-22 02:57:02;28.89;749.79;
2023-02-22 02:58:05;28.9;749.68;
2023-02-22 02:59:08;28.88;749.67;
2023-02-22 03:00:12;28.9;749.69;
2023-02-22 03:01:16;28.91;749.7;
2023-02-22 03:02:19;28.91;749.58;
2023-02-22 03:03:22;28.89;749.53;
2023-02-22 03:04:25;28.9;749.52;
2023-02-22 03:05:28;28.9;749.43;
2023-02-22 03:06:31;28.91;749.5;
2023-02-22 03:07:34;28.92;749.59;
2023-02-22 03:08:37;28.91;749.45;
2023-02-22 03:09:40;28.94;749.47;
2023-02-22 03:10:43;28.94;749.53;
2023-02-22 03:11:47;28.94;749.58;
2023-02-22 03:12:50;28.96;749.61;
2023-02-22 03:13:53;28.96;749.59;
2023-02-22 03:14:56;28.98;749.55;
2023-02-22 03:15:59;28.98;749.77;
2023-02-22 03:17:02;28.97;749.51;
2023-02-22 03:18:05;28.97;749.67;
2023-02-22 03:19:09;28.98;749.68;
2023-02-22 03:20:12;28.96;749.66;
2023-02-22 03:21:15;28.94;749.66;
2023-02-22 03:22:18;28.94;749.59;
2023-02-22 03:23:21;28.95;749.71;
2023-02-22 03:24:24;28.95;749.61;
2023-02-22 03:25:28;28.96;749.64;
2023-02-22 03:26:31;28.99;749.63;
2023-02-22 03:27:34;28.98;749.65;
2023-02-22 03:28:37;29;749.74;
2023-02-22 03:29:40;29;749.63;
2023-02-22 03:30:43;29.03;749.71;
2023-02-22 03:31:46;29.03;749.65;
2023-02-22 03:32:49;29.04;749.51;
2023-02-22 03:33:52;29.04;749.66;
2023-02-22 03:34:55;29.04;749.61;
2023-02-22 03:35:59;29.06;749.53;
2023-02-22 03:37:02;29.06;749.7;
2023-02-22 03:38:05;29.06;749.71;
2023-02-22 03:39:08;29.08;749.58;
2023-02-22 03:40:12;29.07;749.64;
2023-02-22 03:41:15;29.09;749.58;
2023-02-22 03:42:18;29.1;749.57;
2023-02-22 03:43:21;29.11;749.74;
2023-02-22 03:44:24;29.12;749.89;
2023-02-22 03:45:27;29.14;749.74;
2023-02-22 03:46:30;29.14;749.83;
2023-02-22 03:47:34;29.16;750;
2023-02-22 03:48:37;29.16;749.64;
2023-02-22 03:49:40;29.14;749.79;
2023-02-22 03:50:43;29.15;749.75;
2023-02-22 03:51:46;29.18;749.87;
2023-02-22 03:52:49;29.16;749.76;
2023-02-22 03:53:52;29.14;749.81;
2023-02-22 03:54:55;29.11;749.8;
2023-02-22 03:55:58;29.1;749.74;
2023-02-22 03:57:01;29.11;749.82;
2023-02-22 03:58:05;29.11;749.8;
2023-02-22 03:59:08;29.1;749.94;
2023-02-22 04:00:11;29.1;749.87;
2023-02-22 04:01:15;29.11;749.78;
2023-02-22 04:02:18;29.1;749.73;
2023-02-22 04:03:21;29.07;749.87;
2023-02-22 04:04:24;29.06;749.79;
2023-02-22 04:05:27;29.04;749.92;
2023-02-22 04:06:30;29.05;749.91;
2023-02-22 04:07:34;29.06;749.91;
2023-02-22 04:08:37;29.06;749.97;
2023-02-22 04:09:40;29.05;750.09;
2023-02-22 04:10:43;29.06;749.96;
2023-02-22 04:11:46;29.04;750;
2023-02-22 04:12:49;29.05;749.95;
2023-02-22 04:13:52;29.05;749.86;
2023-02-22 04:14:55;29.05;750.04;
2023-02-22 04:15:59;29.04;749.94;
2023-02-22 04:17:02;29.01;749.91;
2023-02-22 04:18:05;29.02;749.94;
2023-02-22 04:19:08;29.04;749.96;
2023-02-22 04:20:12;29.03;750.06;
2023-02-22 04:21:15;29.03;749.98;
2023-02-22 04:22:18;29.02;749.93;
2023-02-22 04:23:21;29;749.92;
2023-02-22 04:24:24;28.99;750.02;
2023-02-22 04:25:27;28.98;750;
2023-02-22 04:26:30;28.98;750.01;
2023-02-22 04:27:34;28.98;750.01;
2023-02-22 04:28:37;28.98;750.1;
2023-02-22 04:29:40;29.01;750.09;
2023-02-22 04:30:43;28.68;625.17;
2023-02-22 04:31:46;29.02;750.1;
2023-02-22 04:32:49;29.03;750.28;
2023-02-22 04:33:52;29.05;750.2;
2023-02-22 04:34:56;29.07;750.3;
2023-02-22 04:35:59;29.06;750.26;
2023-02-22 04:37:02;29.06;750.25;
2023-02-22 04:38:05;29.06;750.15;
2023-02-22 04:39:08;29.07;750.22;
2023-02-22 04:40:12;29.04;750.22;
2023-02-22 04:41:15;29.06;750.25;
2023-02-22 04:42:18;29.06;750.26;
2023-02-22 04:43:21;29.04;750.18;
2023-02-22 04:44:24;29.05;750.24;
2023-02-22 04:45:27;29.03;750.24;
2023-02-22 04:46:30;29.03;750.22;
2023-02-22 04:47:33;29.03;750.23;
2023-02-22 04:48:37;29.05;750.3;
2023-02-22 04:49:40;29.04;750.3;
2023-02-22 04:50:43;29.04;750.34;
2023-02-22 04:51:46;29.05;750.23;
2023-02-22 04:52:49;29.07;750.34;
2023-02-22 04:53:52;29.09;750.3;
2023-02-22 04:54:55;29.1;750.2;
2023-02-22 04:55:58;29.1;750.43;
2023-02-22 04:57:02;29.11;750.37;
2023-02-22 04:58:05;29.12;750.41;
2023-02-22 04:59:08;29.14;750.46;
2023-02-22 05:00:12;29.15;750.51;
2023-02-22 05:01:11;29.17;750.41;
2023-02-22 05:02:14;29.14;750.43;
2023-02-22 05:03:18;29.14;750.41;
2023-02-22 05:04:21;29.11;750.42;
2023-02-22 05:05:24;29.08;750.49;
2023-02-22 05:06:27;29.06;750.47;
2023-02-22 05:07:30;29.07;750.51;
2023-02-22 05:08:34;29.1;750.54;
2023-02-22 05:09:37;29.14;750.52;
2023-02-22 05:10:40;29.15;750.58;
2023-02-22 05:11:43;29.18;750.57;
2023-02-22 05:12:46;29.2;750.54;
2023-02-22 05:13:50;29.21;750.53;
2023-02-22 05:14:53;29.23;750.63;
2023-02-22 05:15:56;29.23;750.69;
2023-02-22 05:16:59;29.25;750.67;
2023-02-22 05:18:02;29.26;750.67;
2023-02-22 05:19:05;29.28;750.69;
2023-02-22 05:20:10;29.27;750.66;
2023-02-22 05:21:09;29.29;750.69;
2023-02-22 05:22:12;29.29;750.69;
2023-02-22 05:23:16;29.3;750.65;
2023-02-22 05:24:19;29.3;750.7;
2023-02-22 05:25:22;29.29;750.58;
2023-02-22 05:26:25;29.27;750.58;
2023-02-22 05:27:28;29.28;750.57;
2023-02-22 05:28:31;29.25;750.59;
2023-02-22 05:29:34;29.27;750.69;
2023-02-22 05:30:38;29.29;750.7;
2023-02-22 05:31:41;29.29;750.57;
2023-02-22 05:32:44;29.29;750.57;
2023-02-22 05:33:47;29.26;750.57;
2023-02-22 05:34:50;29.23;750.64;
2023-02-22 05:35:53;29.23;750.63;
2023-02-22 05:36:56;29.25;750.67;
2023-02-22 05:38:00;29.26;750.62;
2023-02-22 05:39:03;29.26;750.65;
2023-02-22 05:40:07;29.27;750.64;
2023-02-22 05:41:06;29.3;750.67;
2023-02-22 05:42:09;29.31;750.61;
2023-02-22 05:43:12;29.31;750.65;
2023-02-22 05:44:15;29.33;750.7;
2023-02-22 05:45:18;29.34;750.79;
2023-02-22 05:46:22;29.35;750.84;
2023-02-22 05:47:25;29.35;750.8;
2023-02-22 05:48:28;29.35;750.64;
2023-02-22 05:49:31;29.32;750.68;
2023-02-22 05:50:34;29.32;750.72;
2023-02-22 05:51:37;29.34;750.67;
2023-02-22 05:52:40;29.34;750.72;
2023-02-22 05:53:43;29.34;750.76;
2023-02-22 05:54:47;29.33;750.89;
2023-02-22 05:55:50;29.33;750.79;
2023-02-22 05:56:56;29.34;750.72;
2023-02-22 05:57:55;29.34;750.76;
2023-02-22 05:58:58;29.34;750.81;
2023-02-22 06:00:02;29.34;750.79;
2023-02-22 06:01:06;29.35;750.81;
2023-02-22 06:02:05;29.34;750.73;
2023-02-22 06:03:09;29.36;750.81;
2023-02-22 06:04:12;29.34;750.75;
2023-02-22 06:05:15;29.35;750.92;
2023-02-22 06:06:19;29.36;750.79;
2023-02-22 06:07:22;29.37;750.82;
2023-02-22 06:08:25;29.37;750.86;
2023-02-22 06:09:28;29.37;750.89;
2023-02-22 06:10:31;29.39;750.83;
2023-02-22 06:11:35;29.41;750.81;
2023-02-22 06:12:38;29.42;750.8;
2023-02-22 06:13:41;29.42;750.8;
2023-02-22 06:14:44;29.43;750.87;
2023-02-22 06:15:47;29.43;750.88;
2023-02-22 06:16:50;29.43;750.92;
2023-02-22 06:17:54;29.44;750.91;
2023-02-22 06:18:57;29.43;750.91;
2023-02-22 06:20:01;29.44;750.97;
2023-02-22 06:21:05;29.44;750.93;
2023-02-22 06:22:08;29.46;751.09;
2023-02-22 06:23:12;29.45;751.15;
2023-02-22 06:24:15;29.45;751.18;
2023-02-22 06:25:19;29.45;751.14;
2023-02-22 06:26:22;29.46;751.09;
2023-02-22 06:27:25;29.46;751.07;
2023-02-22 06:28:29;29.47;751.19;
2023-02-22 06:29:32;29.48;751.14;
2023-02-22 06:30:35;29.48;751.17;
2023-02-22 06:31:39;29.49;751.17;
2023-02-22 06:32:42;29.5;751.23;
2023-02-22 06:33:45;29.48;751.3;
2023-02-22 06:34:48;29.46;751.13;
2023-02-22 06:35:52;29.46;751.14;
2023-02-22 06:36:55;29.46;751.15;
2023-02-22 06:37:59;29.46;751.22;
2023-02-22 06:39:02;29.47;751.15;
2023-02-22 06:40:07;29.47;751.11;
2023-02-22 06:41:07;29.47;751.19;
2023-02-22 06:42:10;29.48;751.24;
2023-02-22 06:43:13;29.48;751.31;
2023-02-22 06:44:16;29.48;751.43;
2023-02-22 06:45:19;29.49;751.43;
2023-02-22 06:46:22;29.51;751.46;
2023-02-22 06:47:26;29.51;751.32;
2023-02-22 06:48:29;29.48;751.37;
2023-02-22 06:49:33;29.5;751.46;
2023-02-22 06:50:32;29.5;751.43;
2023-02-22 06:51:36;29.5;751.38;
2023-02-22 06:52:39;29.48;751.41;
2023-02-22 06:53:42;29.48;751.44;
2023-02-22 06:54:46;29.47;751.41;
2023-02-22 06:55:49;29.48;751.42;
2023-02-22 06:56:52;29.47;751.36;
2023-02-22 06:57:55;29.5;751.29;
2023-02-22 06:58:59;29.51;751.4;
2023-02-22 07:00:02;29.51;751.5;
2023-02-22 07:01:06;29.52;751.48;
2023-02-22 07:02:09;29.53;751.49;
2023-02-22 07:03:12;29.53;751.54;
2023-02-22 07:04:15;29.54;751.56;
2023-02-22 07:05:19;29.54;751.59;
2023-02-22 07:06:22;29.56;751.5;
2023-02-22 07:07:25;29.56;751.48;
2023-02-22 07:08:28;29.56;751.49;
2023-02-22 07:09:31;29.56;751.5;
2023-02-22 07:10:35;29.56;751.57;
2023-02-22 07:11:38;29.57;751.58;
2023-02-22 07:12:42;29.58;751.58;
2023-02-22 07:13:45;29.57;751.65;
2023-02-22 07:14:49;29.55;751.58;
2023-02-22 07:15:52;29.55;751.59;
2023-02-22 07:16:55;29.55;751.69;
2023-02-22 07:17:58;29.55;751.73;
2023-02-22 07:19:01;29.54;751.68;
2023-02-22 07:20:07;29.53;751.63;
2023-02-22 07:21:06;29.52;751.67;
2023-02-22 07:22:09;29.53;751.65;
2023-02-22 07:23:13;29.53;751.55;
2023-02-22 07:24:16;29.53;751.64;
2023-02-22 07:25:19;29.54;751.67;
2023-02-22 07:26:23;29.53;751.66;
2023-02-22 07:27:26;29.52;751.66;
2023-02-22 07:28:31;29.49;751.57;
2023-02-22 07:29:30;29.49;751.56;
2023-02-22 07:30:35;29.5;751.69;
2023-02-22 07:31:34;29.51;751.83;
2023-02-22 07:32:37;29.49;751.79;
2023-02-22 07:33:40;29.48;751.69;
2023-02-22 07:34:44;29.48;751.7;
2023-02-22 07:35:47;29.49;751.74;
2023-02-22 07:36:51;29.49;751.68;
2023-02-22 07:37:54;29.47;751.62;
2023-02-22 07:38:57;29.47;751.7;
2023-02-22 07:40:01;29.49;751.72;
2023-02-22 07:41:04;29.5;751.73;
2023-02-22 07:42:07;29.5;751.78;
2023-02-22 07:43:10;29.52;751.79;
2023-02-22 07:44:14;29.53;751.76;
2023-02-22 07:45:17;29.52;751.81;
2023-02-22 07:46:20;29.52;751.92;
2023-02-22 07:47:23;29.5;751.83;
2023-02-22 07:48:26;29.49;751.84;
2023-02-22 07:49:29;29.48;751.73;
2023-02-22 07:50:33;29.46;751.8;
2023-02-22 07:51:36;29.48;751.78;
2023-02-22 07:52:40;29.48;751.79;
2023-02-22 07:53:44;29.48;751.85;
2023-02-22 07:54:47;29.48;751.89;
2023-02-22 07:55:51;29.47;751.96;
2023-02-22 07:56:55;29.48;751.93;
2023-02-22 07:57:58;29.5;751.87;
2023-02-22 07:59:02;29.52;751.87;
2023-02-22 08:00:08;29.51;751.88;
2023-02-22 08:01:07;29.48;751.85;
2023-02-22 08:02:14;29.41;751.85;
2023-02-22 08:03:14;29.37;751.97;
2023-02-22 08:04:17;29.32;751.92;
2023-02-22 08:05:20;29.25;751.85;
2023-02-22 08:06:23;29.24;751.76;
2023-02-22 08:07:26;29.23;751.82;
2023-02-22 08:08:30;29.21;751.87;
2023-02-22 08:09:35;29.19;751.79;
2023-02-22 08:10:35;29.15;751.73;
2023-02-22 08:11:38;29.08;751.77;
2023-02-22 08:12:41;29.06;751.82;
2023-02-22 08:13:44;29.03;751.88;
2023-02-22 08:14:47;29.03;751.99;
2023-02-22 08:15:50;29.01;751.96;
2023-02-22 08:16:54;29;752.04;
2023-02-22 08:17:57;29.01;752.14;
2023-02-22 08:19:01;29.01;752.05;
2023-02-22 08:20:07;28.97;752.11;
2023-02-22 08:21:06;28.92;752.13;
2023-02-22 08:22:10;28.89;752.26;
2023-02-22 08:23:13;28.88;752.23;
2023-02-22 08:24:17;28.83;752.13;
2023-02-22 08:25:20;28.77;752.22;
2023-02-22 08:26:23;28.73;752.09;
2023-02-22 08:27:27;28.67;752.04;
2023-02-22 08:28:30;28.65;752.08;
2023-02-22 08:29:35;28.64;752.09;
2023-02-22 08:30:35;28.61;752.05;
2023-02-22 08:31:38;28.58;751.98;
2023-02-22 08:32:42;28.56;752;
2023-02-22 08:33:45;28.53;752.11;
2023-02-22 08:34:49;28.53;752;
2023-02-22 08:35:52;28.53;751.85;
2023-02-22 08:36:56;28.52;751.92;
2023-02-22 08:38:00;28.52;751.94;
2023-02-22 08:39:04;28.54;751.97;
2023-02-22 08:40:09;28.51;752;
2023-02-22 08:41:09;28.52;751.97;
2023-02-22 08:42:08;28.52;752.02;
2023-02-22 08:43:12;28.51;752.01;
2023-02-22 08:44:15;28.49;751.92;
2023-02-22 08:45:18;28.48;752.12;
2023-02-22 08:46:22;28.48;752.29;
2023-02-22 08:47:25;28.47;752.31;
2023-02-22 08:48:28;28.47;752.22;
2023-02-22 08:49:32;28.47;752.21;
2023-02-22 08:50:36;28.48;752.22;
2023-02-22 08:51:39;28.48;752.17;
2023-02-22 08:52:42;28.49;752.19;
2023-02-22 08:53:46;28.47;752.2;
2023-02-22 08:54:50;28.49;752.27;
2023-02-22 08:55:53;28.5;752.2;
2023-02-22 08:56:56;28.49;752.24;
2023-02-22 08:57:59;28.48;752.33;
2023-02-22 08:59:02;28.49;752.39;
2023-02-22 09:00:08;28.5;752.4;
2023-02-22 09:01:08;28.5;752.44;
2023-02-22 09:02:11;28.5;752.49;
2023-02-22 09:03:14;28.52;752.61;
2023-02-22 09:04:18;28.55;752.64;
2023-02-22 09:05:21;28.58;752.58;
2023-02-22 09:06:24;28.59;752.62;
2023-02-22 09:07:28;28.59;752.69;
2023-02-22 09:08:32;28.57;752.69;
2023-02-22 09:09:36;28.58;752.73;
2023-02-22 09:10:39;28.55;752.74;
2023-02-22 09:11:42;28.57;752.7;
2023-02-22 09:12:45;28.58;752.67;
2023-02-22 09:13:49;28.58;752.8;
2023-02-22 09:14:53;28.57;752.74;
2023-02-22 09:15:56;28.55;752.82;
2023-02-22 09:17:00;28.51;752.83;
2023-02-22 09:18:04;28.5;752.8;
2023-02-22 09:19:07;28.48;752.82;
2023-02-22 09:20:13;28.47;752.85;
2023-02-22 09:21:12;28.45;752.82;
2023-02-22 09:22:16;28.46;752.78;
2023-02-22 09:23:19;28.44;752.67;
2023-02-22 09:24:22;28.43;752.65;
2023-02-22 09:25:26;28.43;752.72;
2023-02-22 09:26:29;28.42;752.78;
2023-02-22 09:27:32;28.44;752.83;
2023-02-22 09:28:35;28.43;752.83;
2023-02-22 09:29:39;28.4;752.76;
2023-02-22 09:30:42;28.39;752.71;
2023-02-22 09:31:45;28.39;752.78;
2023-02-22 09:32:49;28.37;752.84;
2023-02-22 09:33:52;28.34;752.82;
2023-02-22 09:34:55;28.33;752.79;
2023-02-22 09:35:58;28.31;752.81;
2023-02-22 09:37:01;28.31;752.84;
2023-02-22 09:38:04;28.29;752.84;
2023-02-22 09:39:08;28.27;752.86;
2023-02-22 09:40:13;28.25;752.96;
2023-02-22 09:41:12;28.24;752.96;
2023-02-22 09:42:16;28.24;752.95;
2023-02-22 09:43:19;28.2;752.89;
2023-02-22 09:44:22;28.19;752.9;
2023-02-22 09:45:25;28.17;752.82;
2023-02-22 09:46:29;28.15;752.9;
2023-02-22 09:47:32;28.13;752.98;
2023-02-22 09:48:35;28.12;753.02;
2023-02-22 09:49:39;28.12;753.05;
2023-02-22 09:50:42;28.13;753.05;
2023-02-22 09:51:45;28.08;753.04;
2023-02-22 09:52:48;28.07;752.98;
2023-02-22 09:53:51;28.04;752.94;
2023-02-22 09:54:55;28.03;752.94;
2023-02-22 09:55:58;28.03;752.89;
2023-02-22 09:57:01;28.02;752.9;
2023-02-22 09:58:04;28.02;752.94;
2023-02-22 09:59:07;28.02;753;
2023-02-22 10:00:12;28.02;753.05;
2023-02-22 10:01:11;28;752.85;
2023-02-22 10:02:16;28;752.89;
2023-02-22 10:03:16;27.99;752.99;
2023-02-22 10:04:19;27.99;752.98;
2023-02-22 10:05:22;27.98;752.92;
2023-02-22 10:06:26;27.95;752.91;
2023-02-22 10:07:29;27.96;752.82;
2023-02-22 10:08:33;27.93;752.88;
2023-02-22 10:09:33;27.92;752.84;
2023-02-22 10:10:37;27.91;752.95;
2023-02-22 10:11:40;27.92;753.1;
2023-02-22 10:12:44;27.93;753.12;
2023-02-22 10:13:47;27.93;753.1;
2023-02-22 10:14:50;27.92;753.11;
2023-02-22 10:15:54;27.9;753.05;
2023-02-22 10:16:57;27.91;753.02;
2023-02-22 10:18:00;27.93;753;
2023-02-22 10:19:03;27.94;753.01;
2023-02-22 10:20:09;27.92;752.96;
2023-02-22 10:21:08;27.92;752.92;
2023-02-22 10:22:11;27.92;752.97;
2023-02-22 10:23:14;27.92;753.03;
2023-02-22 10:24:17;27.58;624.14;
2023-02-22 10:25:21;27.91;753.01;
2023-02-22 10:26:24;27.89;753.01;
2023-02-22 10:27:27;27.88;753.01;
2023-02-22 10:28:31;27.89;753.02;
2023-02-22 10:29:34;27.89;753.07;
2023-02-22 10:30:38;27.88;753.12;
2023-02-22 10:31:42;27.88;753.09;
2023-02-22 10:32:45;27.9;753.03;
2023-02-22 10:33:48;27.86;753.08;
2023-02-22 10:34:51;27.75;753.05;
2023-02-22 10:35:54;27.27;753.04;
2023-02-22 10:36:58;27.02;753.07;
2023-02-22 10:38:01;26.73;753;
2023-02-22 10:39:05;26.05;752.98;
2023-02-22 10:40:08;25.84;753.04;
2023-02-22 10:41:12;25.84;753.15;
2023-02-22 10:42:15;25.89;753.19;
2023-02-22 10:43:18;25.54;753.03;
2023-02-22 10:44:21;25.09;752.99;
2023-02-22 10:45:24;24.85;753.07;
2023-02-22 10:46:28;25.12;753.06;
2023-02-22 10:47:31;25.33;753.04;
2023-02-22 10:48:34;25.47;753.05;
2023-02-22 10:49:37;25.19;753.04;
2023-02-22 10:50:41;25.01;753.13;
2023-02-22 10:51:44;25.11;753.19;
2023-02-22 10:52:47;25.06;753.21;
2023-02-22 10:53:50;24.85;753.24;
2023-02-22 10:54:53;25.07;753.34;
2023-02-22 10:55:56;24.81;753.4;
2023-02-22 10:57:00;24.66;753.31;
2023-02-22 10:58:03;24.43;753.24;
2023-02-22 10:59:06;24.39;753.22;
2023-02-22 11:00:11;23.95;753.22;
2023-02-22 11:01:11;23.96;753.21;
2023-02-22 11:02:14;23.86;753.13;
2023-02-22 11:03:17;23.87;753.16;
2023-02-22 11:04:21;24.21;753.2;
2023-02-22 11:05:24;23.75;753.19;
2023-02-22 11:06:27;23.93;753.23;
2023-02-22 11:07:30;23.97;753.26;
2023-02-22 11:08:34;23.55;753.24;
2023-02-22 11:09:38;23.24;753.23;
2023-02-22 11:10:41;22.98;753.16;
2023-02-22 11:11:44;23.2;753.16;
2023-02-22 11:12:47;22.91;753.29;
2023-02-22 11:13:51;22.94;753.29;
2023-02-22 11:14:54;23.09;753.33;
2023-02-22 11:15:57;22.83;753.33;
2023-02-22 11:17:00;23.06;753.31;
2023-02-22 11:18:04;23.16;753.24;
2023-02-22 11:19:07;23.47;753.23;
2023-02-22 11:20:13;23.68;753.27;
2023-02-22 11:21:12;23.84;753.45;
2023-02-22 11:22:15;23.48;753.47;
2023-02-22 11:23:18;23.37;753.35;
2023-02-22 11:24:21;23.24;753.38;
2023-02-22 11:25:25;23.58;753.44;
2023-02-22 11:26:28;23.52;753.45;
2023-02-22 11:27:31;23.42;753.44;
2023-02-22 11:28:34;23.78;753.57;
2023-02-22 11:29:37;23.88;753.54;
2023-02-22 11:30:41;23.4;753.49;
2023-02-22 11:31:44;23.11;753.47;
2023-02-22 11:32:47;23.37;753.46;
2023-02-22 11:33:51;23.63;753.51;
2023-02-22 11:34:54;23.22;753.47;
2023-02-22 11:35:57;23.24;753.42;
2023-02-22 11:37:00;23.03;753.42;
2023-02-22 11:38:04;22.84;753.45;
2023-02-22 11:39:08;22.71;753.41;
2023-02-22 11:40:09;22.96;753.41;
2023-02-22 11:41:08;23.22;753.57;
2023-02-22 11:42:12;23.35;753.53;
2023-02-22 11:43:16;22.88;753.39;
2023-02-22 11:44:19;22.97;753.36;
2023-02-22 11:45:22;23.17;753.43;
2023-02-22 11:46:26;23.16;753.41;
2023-02-22 11:47:29;23;753.41;
2023-02-22 11:48:33;23.29;753.48;
2023-02-22 11:49:36;23.15;753.48;
2023-02-22 11:50:39;23.38;753.44;
2023-02-22 11:51:42;23.54;753.46;
2023-02-22 11:52:45;23.75;753.52;
2023-02-22 11:53:48;23.93;753.53;
2023-02-22 11:54:52;23.73;753.53;
2023-02-22 11:55:55;23.84;753.5;
2023-02-22 11:56:58;23.63;753.45;
2023-02-22 11:58:01;23.98;753.54;
2023-02-22 11:59:05;23.92;753.56;
2023-02-22 12:00:11;23.85;753.56;
2023-02-22 12:01:10;23.94;753.51;
2023-02-22 12:02:13;23.93;753.53;
2023-02-22 12:03:16;23.7;753.52;
2023-02-22 12:04:20;24.05;753.52;
2023-02-22 12:05:23;23.95;753.49;
2023-02-22 12:06:26;23.85;753.45;
2023-02-22 12:07:30;23.63;753.44;
2023-02-22 12:08:33;23.7;753.51;
2023-02-22 12:09:36;23.78;753.53;
2023-02-22 12:10:40;23.66;753.52;
2023-02-22 12:11:43;23.39;753.46;
2023-02-22 12:12:46;23.66;753.57;
2023-02-22 12:13:49;23.82;753.57;
2023-02-22 12:14:52;23.35;753.54;
2023-02-22 12:15:55;23.57;753.55;
2023-02-22 12:16:59;23.51;753.53;
2023-02-22 12:18:02;23.45;753.51;
2023-02-22 12:19:05;23.75;753.58;
2023-02-22 12:20:09;23.52;753.55;
2023-02-22 12:21:12;23.25;753.59;
2023-02-22 12:22:15;23.31;753.6;
2023-02-22 12:23:18;23.27;753.56;
2023-02-22 12:24:22;23.2;753.51;
2023-02-22 12:25:25;23.28;753.47;
2023-02-22 12:26:28;23.19;753.46;
2023-02-22 12:27:31;23.24;753.44;
2023-02-22 12:28:34;22.98;753.42;
2023-02-22 12:29:37;23.26;753.46;
2023-02-22 12:30:41;23.54;753.53;
2023-02-22 12:31:44;23.42;753.53;
2023-02-22 12:32:47;23.32;753.53;
2023-02-22 12:33:50;23.32;753.61;
2023-02-22 12:34:54;23.32;753.61;
2023-02-22 12:35:57;23.38;753.59;
2023-02-22 12:37:00;23.08;753.5;
2023-02-22 12:38:04;23.3;753.48;
2023-02-22 12:39:07;23.31;753.44;
2023-02-22 12:40:13;23.5;753.52;
2023-02-22 12:41:12;23.26;753.55;
2023-02-22 12:42:16;23.17;753.53;
2023-02-22 12:43:19;22.94;753.52;
2023-02-22 12:44:22;22.79;753.54;
2023-02-22 12:45:26;22.86;753.52;
2023-02-22 12:46:30;23;753.59;
2023-02-22 12:47:34;22.85;753.46;
2023-02-22 12:49:41;22.66;753.5;
2023-02-22 12:50:44;22.64;753.53;
2023-02-22 12:51:47;22.65;753.44;
2023-02-22 12:52:51;22.67;753.52;
2023-02-22 12:53:54;22.56;753.52;
2023-02-22 12:54:57;22.67;753.54;
2023-02-22 12:56:00;22.41;753.46;
2023-02-22 12:59:11;22.23;753.56;
2023-02-22 13:00:14;22.26;753.53;
2023-02-22 13:01:18;22.04;753.52;
2023-02-22 13:02:21;22.37;753.56;
2023-02-22 13:03:24;22.61;753.5;
2023-02-22 13:04:27;22.47;753.49;
2023-02-22 13:05:30;22.23;753.46;
2023-02-22 13:06:34;21.99;753.47;
2023-02-22 13:07:37;21.79;753.49;
2023-02-22 13:08:40;21.71;753.49;
2023-02-22 13:09:43;21.74;753.5;
2023-02-22 13:10:47;21.59;753.43;
2023-02-22 13:11:50;21.52;753.38;
2023-02-22 13:12:53;21.52;753.38;
2023-02-22 13:13:56;21.39;753.38;
2023-02-22 13:14:59;20.99;618.22;
2023-02-22 13:16:02;21.68;753.4;
2023-02-22 13:17:06;22;753.51;
2023-02-22 13:18:09;21.92;753.54;
2023-02-22 13:19:12;21.88;753.52;
2023-02-22 13:20:15;21.88;753.51;
2023-02-22 13:21:19;21.77;753.48;
2023-02-22 13:22:22;21.79;753.48;
2023-02-22 13:23:25;21.66;753.43;
2023-02-22 13:24:28;21.72;753.39;
2023-02-22 13:25:31;22.01;753.39;
2023-02-22 13:26:35;21.89;753.44;
2023-02-22 13:27:38;21.87;753.39;
2023-02-22 13:28:41;21.8;753.34;
2023-02-22 13:29:45;21.83;753.35;
2023-02-22 13:30:48;21.94;753.39;
2023-02-22 13:31:51;22.2;753.43;
2023-02-22 13:32:54;22.34;753.44;
2023-02-22 13:33:57;22.18;753.45;
2023-02-22 13:35:00;22.04;753.44;
2023-02-22 13:36:03;21.93;753.47;
2023-02-22 13:37:07;21.8;753.51;
2023-02-22 13:38:10;21.7;753.49;
2023-02-22 13:39:13;21.59;753.52;
2023-02-22 13:40:17;21.46;753.5;
2023-02-22 13:41:16;21.42;753.51;
2023-02-22 13:42:19;21.37;753.52;
2023-02-22 13:43:22;21.22;753.5;
2023-02-22 13:44:25;21.13;753.47;
2023-02-22 13:45:29;21.1;753.45;
2023-02-22 13:46:32;21.04;753.45;
2023-02-22 13:47:35;21.06;753.51;
2023-02-22 13:48:38;21.06;753.48;
2023-02-22 13:49:41;21.22;753.52;
2023-02-22 13:50:44;21.23;753.53;
2023-02-22 13:51:48;21.22;753.52;
2023-02-22 13:52:51;21.16;753.53;
2023-02-22 13:53:54;21.01;753.57;
2023-02-22 13:54:57;21.11;753.54;
2023-02-22 13:56:00;21.12;753.53;
2023-02-22 13:57:04;21.27;753.51;
2023-02-22 13:58:07;21.32;753.54;
2023-02-22 13:59:10;21.25;753.55;
2023-02-22 14:00:14;21.2;753.52;
2023-02-22 14:01:17;21.09;753.51;
2023-02-22 14:02:21;21;753.47;
2023-02-22 14:03:24;20.88;753.45;
2023-02-22 14:04:28;21.12;753.45;
2023-02-22 14:05:31;21.13;753.42;
2023-02-22 14:06:35;21.18;753.44;
2023-02-22 14:07:38;21.33;753.45;
2023-02-22 14:08:41;21.55;753.49;
2023-02-22 14:09:44;21.73;753.47;
2023-02-22 14:10:47;21.61;753.46;
2023-02-22 14:11:50;21.44;753.46;
2023-02-22 14:12:54;21.28;753.45;
2023-02-22 14:13:57;21.51;753.48;
2023-02-22 14:15:00;21.18;753.48;
2023-02-22 14:16:04;21.39;753.46;
2023-02-22 14:17:07;21.66;753.48;
2023-02-22 14:18:10;21.77;753.49;
2023-02-22 14:19:13;21.5;753.48;
2023-02-22 14:20:17;21.39;753.5;
2023-02-22 14:21:20;21.46;753.56;
2023-02-22 14:22:23;21.32;753.53;
2023-02-22 14:23:26;21.13;753.5;
2023-02-22 14:24:29;21.05;753.48;
2023-02-22 14:25:33;20.96;753.42;
2023-02-22 14:26:36;21.09;753.41;
2023-02-22 14:27:39;21.24;753.45;
2023-02-22 14:28:42;21.34;753.48;
2023-02-22 14:29:46;21.52;753.5;
2023-02-22 14:30:49;21.56;753.53;
2023-02-22 14:31:52;21.29;753.51;
2023-02-22 14:32:55;21.24;753.55;
2023-02-22 14:33:59;21.15;753.5;
2023-02-22 14:35:03;21.01;753.5;
2023-02-22 14:36:06;20.91;753.48;
2023-02-22 14:37:09;20.86;753.45;
2023-02-22 14:38:12;20.98;753.44;
2023-02-22 14:39:16;20.97;753.46;
2023-02-22 14:40:19;20.76;753.44;
2023-02-22 14:41:22;20.73;753.44;
2023-02-22 14:42:26;21.1;753.4;
2023-02-22 14:43:29;21.15;753.38;
2023-02-22 14:44:32;21.22;753.42;
2023-02-22 14:45:36;21;753.36;
2023-02-22 14:46:39;20.96;753.37;
2023-02-22 14:47:42;20.85;753.39;
2023-02-22 14:48:45;20.75;753.36;
2023-02-22 14:49:48;20.6;753.36;
2023-02-22 14:50:51;20.46;753.36;
2023-02-22 14:51:54;20.62;753.43;
2023-02-22 14:52:58;20.96;753.39;
2023-02-22 14:54:01;20.77;753.47;
2023-02-22 14:55:05;20.89;753.48;
2023-02-22 14:56:04;20.93;753.5;
2023-02-22 14:57:07;20.94;753.48;
2023-02-22 14:58:10;21;753.48;
2023-02-22 14:59:14;20.88;753.51;
2023-02-22 15:00:17;20.79;753.53;
