Прибор: ;РОСА К-2 (01); ; Интервал: ;2023-02-09 00:00:00; / ;2023-03-09 00:00:00;
Date;weather_temp;weather_pressure;weather_humidity;soil_soilT;soil_soilH;light_lux;light_blink;color_tempCT;color_redC;color_lux;color_ir;color_greenC;color_clearC;color_blueC;
2023-02-21 14:50:54;25.58;730.52;28.02;12.5;17602;0;0;5072.54;10262;3366.91;4066;9654;29831;9916;
2023-02-21 14:52:05;25.62;730.5;28.3;12.19;17597;0;0;5118.89;9512;3134.61;3914;9027;27845;9307;
2023-02-21 14:52:48;25.59;730.51;28.65;12.13;17594;0;0;5189.41;8549;2799.85;3543;8149;25221;8523;
2023-02-21 14:53:49;25.57;730.52;28.75;11.44;17604;0;0;5112.67;9144;2975.79;3869;8597;26673;8932;
2023-02-21 14:54:46;25.6;730.55;28.71;-127;17610;0;0;5097.61;9102;2956.27;3850;8530;26487;8855;
2023-02-21 14:55:37;25.59;730.54;28.87;11.81;17608;0;0;5056.65;9185;2953.88;3981;8506;26527;8837;
2023-02-21 14:56:35;25.61;730.56;29.75;12.44;17550;0;0;5076.62;9006;2902.8;3932;8374;26092;8712;
2023-02-21 14:57:33;25.61;730.55;29.68;13;17595;0;0;5013.12;9592;3083.63;4199;8832;27543;9119;
2023-02-21 14:58:31;25.64;730.55;29.85;13.25;17591;0;0;5064.33;9116;2939.66;3959;8466;26371;8789;
2023-02-21 14:59:28;25.65;730.56;29.81;13.13;17592;0;0;5016.47;9477;3047.77;4119;8732;27226;9018;
2023-02-21 15:00:26;25.64;730.55;30.17;13.81;17601;0;0;5054.01;9020;2900.6;3938;8350;26042;8672;
2023-02-21 15:01:23;25.65;730.55;30.42;14.5;17587;0;0;5024.97;9047;2894.91;4009;8316;25991;8629;
2023-02-21 15:02:21;25.65;730.6;30.49;14.44;17579;0;0;5005.8;9330;2996.97;4080;8578;26759;8852;
2023-02-21 15:03:18;25.67;730.58;30.54;14.56;17588;0;0;5017.5;9219;2967.13;4042;8500;26494;8775;
2023-02-21 15:04:16;25.66;730.59;30.54;15;17596;0;0;4962.08;9568;3063.76;4237;8729;27265;8968;
2023-02-21 15:05:13;25.71;730.58;30.69;15.13;17604;0;0;4951.96;9271;2955.94;4176;8422;26358;8665;
2023-02-21 15:06:11;25.7;730.61;30.9;14.94;17602;0;0;5084.05;8340;2697.28;3619;7780;24204;8084;
2023-02-21 15:07:08;25.7;730.62;30.79;14.94;17601;0;0;5136.71;8001;2595.3;3448;7528;23395;7866;
2023-02-21 15:08:06;25.68;730.61;30.93;14.81;17606;0;0;5184.22;7718;2509.35;3302;7316;22718;7684;
2023-02-21 15:09:04;25.64;730.58;31.07;13.75;17582;0;0;5083.17;8310;2686.98;3660;7750;24113;8053;
2023-02-21 15:10:02;25.59;730.6;31.28;12.94;17595;0;0;6348.91;4265;1535.74;1181;4916;14731;5550;
2023-02-21 15:10:59;25.54;730.61;31.62;11.31;17596;0;0;5134.18;7412;2372.02;3269;6908;21601;7282;
2023-02-21 15:11:57;25.39;730.6;31.37;9.5;17589;0;0;5192.89;7516;2435.51;3146;7116;22132;7500;
2023-02-21 15:12:54;25.38;730.58;31.34;10.38;17605;0;0;4943.84;8934;2844.74;3969;8100;25364;8331;
2023-02-21 15:13:52;25.45;730.61;31.67;11.19;17600;0;0;4961.84;8714;2771.74;3828;7913;24794;8167;
2023-02-21 15:14:49;25.44;730.61;31.88;12;17596;0;0;5478.71;6256;2111.08;2365;6297;19264;6712;
2023-02-21 15:15:47;25.44;730.6;32.08;11.75;17590;0;0;5055.76;7765;2491.55;3407;7179;22412;7469;
2023-02-21 15:16:44;25.41;730.62;31.99;12.13;17607;0;0;5084.58;7560;2428.88;3281;7021;21910;7329;
2023-02-21 15:17:41;25.37;730.66;31.82;12.31;17609;0;0;5110.01;7328;2357.76;3176;6834;21315;7153;
2023-02-21 15:18:39;25.34;730.66;32.07;11.75;17600;0;0;5051.16;7857;2525.2;3417;7268;22673;7548;
2023-02-21 15:19:38;25.3;730.65;32.3;12.06;17609;0;0;5012.02;8004;2560.56;3540;7344;22955;7607;
2023-02-21 15:20:36;25.34;730.66;32.28;12.31;17596;0;0;4997.12;7961;2544.92;3528;7287;22783;7535;
2023-02-21 15:21:33;25.34;730.68;32.35;12.63;17593;0;0;5018.81;7821;2510.99;3417;7200;22467;7447;
2023-02-21 15:22:31;25.36;730.7;33.22;13.19;17602;0;0;4968.13;7935;2525.77;3545;7215;22600;7450;
2023-02-21 15:23:28;25.36;730.7;33.15;12.5;17604;0;0;5016.86;7428;2370.37;3306;6808;21305;7069;
2023-02-21 15:24:26;25.3;730.7;33.43;12.56;17587;0;0;5203.29;6669;2159.45;2790;6319;19660;6673;
2023-02-21 15:25:23;25.29;730.71;33.46;11.75;17586;0;0;5008.94;7439;2379.85;3270;6823;21326;7064;
2023-02-21 15:26:21;25.27;730.76;33.88;11.56;17552;0;0;5020;7199;2295.4;3218;6597;20653;6857;
2023-02-21 15:27:18;25.18;730.79;33.92;10.88;17597;0;0;5324.43;5865;1917.35;2424;5676;17596;6055;
2023-02-21 15:28:15;25.13;730.79;33.75;-127;17607;0;0;5008.99;7203;2294.43;3186;6587;20630;6840;
2023-02-21 15:29:13;25.25;730.79;33.84;10.06;17593;0;0;5064.65;6818;2175.26;2997;6286;19678;6574;
2023-02-21 15:30:00;25.4;730.81;33.57;10.38;17592;0;0;5014.94;7126;2268.62;3120;6519;20422;6778;
2023-02-21 15:31:10;25.51;730.79;33.49;10.31;17600;0;0;5015.77;7117;2270.59;3108;6521;20408;6771;
2023-02-21 15:32:07;25.56;730.82;33.51;11;17601;0;0;5030.55;6840;2173.62;3001;6262;19635;6534;
2023-02-21 15:33:05;25.66;730.85;33.44;-127;17592;0;0;5062.84;6453;2053.69;2868;5938;18610;6219;
2023-02-21 15:34:03;25.74;730.89;33.45;10.56;17598;0;0;5017.29;6844;2164.21;2950;6234;19591;6514;
2023-02-21 15:35:00;25.73;730.86;33.24;10.31;17606;0;0;5070.79;6408;2030.49;2807;5885;18482;6189;
2023-02-21 15:35:58;25.8;730.85;33.39;10.31;17600;0;0;5058.13;6480;2049.98;2786;5935;18652;6237;
2023-02-21 15:36:55;25.78;730.88;33.33;9.44;17594;0;0;5098.26;6193;1966.22;2667;5715;17934;6026;
2023-02-21 15:37:53;25.72;730.85;33.3;7.88;17563;0;0;5131.73;6050;1921.51;2560;5608;17597;5940;
2023-02-21 15:38:50;25.71;730.88;33.16;5.5;17585;0;0;5246.34;5462;1752.54;2333;5171;16160;5527;
2023-02-21 15:39:48;25.66;730.89;33.64;4.44;17601;0;0;5429.32;4956;1608.09;2026;4833;15041;5253;
2023-02-21 15:40:45;25.68;730.91;33.7;3.94;17596;0;0;5543.8;4568;1499.13;1841;4549;14096;4979;
2023-02-21 15:41:43;25.63;730.94;33.84;3.13;17607;0;0;5611.15;17752;1436.78;7073;17662;55076;19663;
2023-02-21 15:42:40;25.54;730.91;33.87;2.13;17602;0;0;5653.18;17391;1418.07;6815;17471;54316;19455;
2023-02-21 15:43:38;25.53;730.91;34.07;1.81;17596;0;0;5736.5;16855;1384.59;6381;17177;53256;19224;
2023-02-21 15:44:35;25.48;730.93;33.71;1.31;17600;0;0;5843.2;15781;1308.18;5811;16372;50593;18441;
2023-02-21 15:45:33;25.45;730.95;34.09;1.44;17590;0;0;5995.53;14947;1260.44;5128;15941;48952;18064;
2023-02-21 15:46:31;25.38;731;34.11;1.25;17611;0;0;6032.29;14231;1201.41;4916;15249;46816;17336;
2023-02-21 15:47:28;25.31;731;34.26;0.94;17597;0;0;5935.64;14651;1227.99;5182;15464;47591;17476;
2023-02-21 15:48:26;25.2;731.01;34.27;0.56;17583;0;0;5991.77;14194;1195.07;4905;15117;46451;17140;
2023-02-21 15:49:23;25.17;731.02;34.86;0.31;17601;0;0;5996.5;14306;1208.28;4828;15274;46873;17293;
2023-02-21 15:50:21;25.14;731;34.22;0;17591;0;0;6065.72;13694;1161.4;4534;14769;45264;16802;
2023-02-21 15:51:19;25.05;731.03;33.7;-0.25;17602;0;0;6075.06;13478;1146.03;4416;14574;44621;16570;
2023-02-21 15:52:16;25.08;731.03;35.09;-0.5;17586;0;0;6058.75;13783;1173.15;4408;14887;45555;16886;
2023-02-21 15:53:14;25.03;731.06;35.39;-0.44;17602;0;0;6094.49;13479;1150.59;4282;14641;44760;16640;
2023-02-21 15:54:12;25.07;731.09;35.39;-0.63;17564;0;0;6122.02;13192;1130.33;4123;14405;43978;16381;
2023-02-21 15:55:11;25.03;731.08;35.57;-0.63;17590;0;0;6178.75;12598;1086.82;3922;13898;42326;15831;
2023-02-21 15:56:09;25.13;731.09;35.26;-0.94;17598;0;0;6214.22;12409;1072.44;3788;13756;41874;15709;
2023-02-21 15:57:07;25.08;731.09;35.29;-1;17592;0;0;6244.14;12137;1051.62;3672;13518;41115;15460;
2023-02-21 15:58:04;25.1;731.12;35.29;-1;17607;0;0;6310.7;11543;1004.97;3470;12984;39432;14905;
2023-02-21 15:59:02;24.98;731.16;35.3;-1.13;17590;0;0;6321.43;11667;1017.66;3413;13153;39917;15098;
2023-02-21 15:59:59;24.89;731.17;35.99;-1.44;17590;0;0;6371.08;11159;977.92;3264;12681;38425;14586;
2023-02-21 16:00:57;24.9;731.13;35.84;-1.25;17602;0;0;6309.06;11591;1009.68;3371;13040;39592;14962;
2023-02-21 16:01:54;24.82;731.17;35.11;-1.63;17583;0;0;6369.37;10934;956.8;3216;12412;37632;14287;
2023-02-21 16:02:52;24.85;731.19;34.25;-1.63;17595;0;0;6341.75;11162;972.71;3251;12603;38269;14504;
2023-02-21 16:03:50;24.88;731.18;35.86;-1.5;17570;0;0;6332.17;11115;969.3;3238;12543;38072;14415;
2023-02-21 16:04:47;24.76;731.18;34.84;-1.69;17589;0;0;6325.17;10764;938.3;3226;12135;36838;13940;
2023-02-21 16:05:45;24.76;731.19;34.97;-1.63;17591;0;0;6382.44;10497;916.79;3082;11918;36166;13752;
2023-02-21 16:06:42;24.7;731.22;36.01;-1.81;17593;0;0;6403.09;10716;938.52;3039;12213;37025;14097;
2023-02-21 16:07:40;24.66;731.22;35.77;-2.06;17583;0;0;6422.91;10168;891.68;2908;11621;35217;13429;
2023-02-21 16:08:37;24.63;731.26;36.08;-2.19;17596;0;0;6460.61;10148;891.48;2848;11655;35306;13503;
2023-02-21 16:09:35;24.47;731.26;35.41;-2.5;17607;0;0;6434.27;9923;869.04;2903;11345;34403;13135;
2023-02-21 16:10:32;24.41;731.26;35.87;-2.81;17547;0;0;6418.1;10108;887.97;2874;11559;35004;13337;
2023-02-21 16:11:30;24.34;731.3;35.88;-2.56;17585;0;0;6433.64;9823;864.21;2778;11261;34085;13001;
2023-02-21 16:12:27;24.23;731.29;35.24;-2.44;17591;0;0;6447.32;9654;849.64;2704;11085;33550;12812;
2023-02-21 16:13:24;24.02;731.3;34.04;-2.63;17581;0;0;6416.89;9811;860.23;2752;11205;33957;12942;
2023-02-21 16:14:22;23.95;731.3;29.92;-2.75;17597;0;0;6484.48;9612;843.99;2628;11063;33525;12850;
2023-02-21 16:15:20;23.85;731.33;30.32;-2.63;17596;0;0;6440.76;9659;846.49;2668;11055;33516;12802;
2023-02-21 16:16:17;23.7;731.35;28.56;-2.75;17593;0;0;6401.78;9852;861.11;2710;11213;34021;12957;
2023-02-21 16:17:15;23.53;731.35;27.46;-2.75;17605;0;0;6392.69;9860;861.72;2693;11211;34015;12944;
2023-02-21 16:18:12;23.34;731.35;27.65;-2.94;17586;0;0;6422.94;9170;805.62;2575;10492;31773;12111;
2023-02-21 16:19:09;23.19;731.39;26.7;-3.25;17590;0;0;6449.94;8923;783.61;2515;10235;31006;11848;
2023-02-21 16:20:08;23.04;731.39;27.29;-3.31;17601;0;0;6469.4;8744;768.21;2455;10052;30451;11655;
2023-02-21 16:21:05;22.94;731.42;27.8;-3.25;17605;0;0;6493.63;8586;753.62;2433;9889;29973;11499;
2023-02-21 16:22:03;22.78;731.48;28.3;-3.5;17590;0;0;5662.68;13039;1186.62;2357;14088;41745;14619;
2023-02-21 16:23:00;22.7;731.47;28.84;-3.63;17603;0;0;5626.86;13241;1213.87;2232;14321;42282;14721;
2023-02-21 16:23:58;22.65;731.47;29.49;-3.63;17583;0;0;5618.84;13167;1211.94;2178;14267;42044;14611;
2023-02-21 16:24:55;22.6;731.51;29.74;-3.81;17589;0;0;5616.11;12978;1196.43;2165;14073;41442;14392;
2023-02-21 16:25:53;22.54;731.5;30.19;-3.75;17598;0;0;5615.24;12803;1181.45;2126;13891;40889;14195;
2023-02-21 16:26:50;22.52;731.5;30.25;-4;17605;0;0;5607.06;12723;1174.69;2116;13797;40598;14079;
2023-02-21 16:27:48;22.49;731.51;30.73;-4.06;17587;0;0;5601.38;12599;1164.1;2107;13661;40182;13923;
2023-02-21 16:28:45;22.46;731.53;30.89;-4.06;17593;0;0;5596.98;12460;1151.65;2065;13507;39721;13755;
2023-02-21 16:29:43;22.47;731.54;31.51;-4;17591;0;0;5600.87;12234;1131.96;2008;13277;39029;13518;
2023-02-21 16:30:40;22.38;731.55;31.33;-4.25;17589;0;0;5599.1;12097;1119.94;1973;13131;38588;13361;
2023-02-21 16:31:38;22.37;731.57;32.19;-4.19;17604;0;0;5587.55;12015;1112.12;1962;13024;38272;13234;
2023-02-21 16:32:35;22.33;731.57;32.12;-4.38;17601;0;0;5594.88;11830;1096.31;1918;12844;37727;13053;
2023-02-21 16:33:33;22.34;731.59;32.71;-4.38;17597;0;0;5587.61;11747;1088.88;1894;12746;37432;12939;
2023-02-21 16:34:30;22.33;731.59;32.96;-4.5;17594;0;0;5582.85;11614;1077.03;1861;12599;36991;12778;
2023-02-21 16:35:28;22.26;731.6;33.19;-4.38;17587;0;0;5577.66;11511;1067.82;1835;12483;36643;12649;
2023-02-21 16:36:25;22.27;731.6;33.09;-4.44;17604;0;0;5561.77;11469;1063.27;1831;12411;36434;12555;
2023-02-21 16:37:23;22.23;731.63;33.63;-4.69;17597;0;0;5562.27;11295;1048.61;1786;12235;35895;12366;
2023-02-21 16:38:20;22.24;731.67;33.97;-4.5;17593;0;0;5556.68;11194;1039.95;1757;12124;35556;12239;
2023-02-21 16:39:18;22.2;731.68;34.11;-4.69;17601;0;0;5554.07;11050;1027.25;1720;11970;35093;12074;
2023-02-21 16:40:15;22.14;731.67;34.43;-4.63;17588;0;0;5548.44;10922;1015.96;1694;11829;34668;11918;
2023-02-21 16:41:13;22.12;731.69;34.43;-5;17599;0;0;5537.5;10847;1008.99;1676;11734;34385;11805;
2023-02-21 16:42:10;22.16;731.72;34.85;-5.19;17598;0;0;5527.01;10740;999.02;1643;11605;34004;11659;
2023-02-21 16:43:08;22.14;731.73;34.76;-5.13;17583;0;0;5517.34;10647;990.69;1619;11495;33673;11531;
2023-02-21 16:44:05;22.1;731.75;34.8;-5.5;17600;0;0;5508.04;10535;980.43;1586;11364;33282;11384;
2023-02-21 16:45:04;22.13;731.75;35.08;-5.38;17605;0;0;5498.94;10422;970.29;1561;11234;32892;11237;
2023-02-21 16:46:01;22.07;731.74;35.4;-5.56;17596;0;0;5492.06;10315;961.17;1521;11117;32534;11103;
2023-02-21 16:46:59;22.13;731.77;35.56;-5.69;17581;0;0;5483.79;10199;950.84;1498;10986;32141;10956;
2023-02-21 16:47:56;22.09;731.78;35.45;-5.44;17593;0;0;5481.5;10065;939.24;1447;10846;31717;10806;
2023-02-21 16:48:54;22.14;731.81;35.82;-5.63;17596;0;0;5466.11;9988;931.79;1439;10743;31413;10683;
2023-02-21 16:49:51;22.12;731.79;35.95;-5.56;17593;0;0;5448.85;9961;929.02;1445;10692;31262;10609;
2023-02-21 16:50:49;22.14;731.83;36.13;-5.38;17600;0;0;5448.12;9790;914.14;1394;10516;30730;10425;
2023-02-21 16:51:46;22.12;731.81;36.27;-5.5;17587;0;0;5450.04;9623;899.97;1332;10350;30224;10252;
2023-02-21 16:52:44;22.12;731.84;36.29;-5.63;17581;0;0;5438.03;9548;893.34;1306;10259;29949;10142;
2023-02-21 16:53:41;22.09;731.83;36.36;-5.69;17597;0;0;5419.86;9505;889.1;1296;10191;29747;10051;
2023-02-21 16:54:38;22.11;731.84;36.34;-6.19;17599;0;0;5412.51;9403;881.26;1255;10087;29415;9925;
2023-02-21 16:55:36;22.04;731.86;36.33;-6.38;17590;0;0;5410.34;9264;869.18;1212;9943;28979;9773;
2023-02-21 16:56:33;22.03;731.87;36.55;-6.31;17598;0;0;5385.77;9238;866.15;1222;9884;28808;9686;
2023-02-21 16:57:31;22.07;731.89;36.98;-6.38;17582;0;0;5396.18;9038;850.69;1125;9707;28246;9501;
2023-02-21 16:58:29;22.07;731.89;37.05;-6.5;17598;0;0;5376.17;8983;844.38;1131;9618;27997;9396;
2023-02-21 16:59:26;22.03;731.93;37.12;-6.31;17603;0;0;5340.4;8992;843.68;1158;9578;27890;9321;
2023-02-21 17:00:23;21.99;731.92;37.27;-6.38;17582;0;0;5327.37;8894;834.98;1140;9464;27547;9189;
2023-02-21 17:01:21;22.04;731.94;37.46;-6.5;17580;0;0;5318.44;8759;822.79;1102;9315;27102;9029;
2023-02-21 17:02:18;21.99;732;37.94;-6.44;17590;0;0;5310.84;8637;812.77;1052;9189;26711;8886;
2023-02-21 17:03:16;21.97;732.01;37.84;-6.69;17590;0;0;5300.2;8526;802.79;1019;9064;26337;8748;
2023-02-21 17:04:13;21.98;732.02;37.8;-6.5;17590;0;0;5309.04;8358;790.51;901;8922;25874;8595;
2023-02-21 17:05:11;21.98;732.02;37.9;-6.5;17594;0;0;5270.91;8338;785.76;970;8841;25669;8491;
2023-02-21 17:06:08;21.96;732.02;37.75;-6.63;17590;0;0;5267.06;8190;773.41;921;8693;25215;8332;
2023-02-21 17:07:06;21.95;732.03;37.83;-6.69;17590;0;0;5260.95;8071;763.57;877;8572;24840;8198;
2023-02-21 17:08:04;21.93;732.05;37.74;-7.06;17595;0;0;5272.72;7915;752.84;757;8449;24428;8064;
2023-02-21 17:09:01;21.87;732.07;38;-6.81;17591;0;0;5248.55;7853;746.35;770;8356;24159;7951;
2023-02-21 17:09:59;21.92;732.06;38.07;-6.94;17601;0;0;5211.7;7833;742.16;810;8283;23970;7855;
2023-02-21 17:10:56;21.89;732.07;38.04;-6.94;17587;0;0;5205.94;7714;733.17;739;8170;23607;7724;
2023-02-21 17:11:54;21.88;732.07;38.14;-7.31;17604;0;0;5192.99;7615;724.94;700;8063;23276;7599;
2023-02-21 17:12:51;21.9;732.11;38.23;-7.13;17599;0;0;5175.16;7521;716.26;694;7950;22940;7470;
2023-02-21 17:13:48;21.88;732.1;37.99;-7.25;17588;0;0;5157.43;7433;708.18;676;7844;22624;7348;
2023-02-21 17:14:46;21.87;732.11;37.93;-7.44;17591;0;0;5143.89;7339;700.34;643;7742;22310;7229;
2023-02-21 17:15:43;21.87;732.11;38.09;-7.31;17591;0;0;5123.91;7265;693.66;623;7650;22032;7118;
2023-02-21 17:16:41;21.85;732.12;37.87;-7.44;17553;0;0;5107.05;7178;685.82;598;7548;21726;7001;
2023-02-21 17:17:38;21.79;732.14;38.09;-7.5;17601;0;0;5094.73;7063;676.36;565;7429;21357;6866;
2023-02-21 17:18:36;21.8;732.15;38.28;-7.44;17602;0;0;5070.35;6999;670.13;552;7341;21099;6759;
2023-02-21 17:19:34;21.79;732.15;38.08;-7.44;17587;0;0;5050.14;6920;663.22;529;7247;20813;6646;
2023-02-21 17:20:32;21.75;732.18;38.24;-7.75;17593;0;0;5035.13;6822;654.79;498;7140;20487;6525;
2023-02-21 17:21:29;21.71;732.2;38.43;-7.56;17606;0;0;5016.72;6740;648.09;455;7049;20203;6414;
2023-02-21 17:22:27;21.69;732.21;38.5;-7.56;17597;0;0;4993.46;6664;641.1;446;6954;19919;6301;
2023-02-21 17:23:24;21.69;732.23;38.6;-8.06;17591;0;0;4971.54;6592;634.81;426;6867;19653;6195;
2023-02-21 17:24:22;21.65;732.26;38.8;-8.06;17587;0;0;4947.82;6531;629.52;400;6790;19418;6097;
2023-02-21 17:25:19;21.65;732.26;38.78;-8;17599;0;0;4923.93;6463;623.56;378;6706;19161;5993;
2023-02-21 17:26:17;21.65;732.29;38.92;-7.88;17601;0;0;4905.9;6378;616.32;350;6612;18874;5884;
2023-02-21 17:27:14;21.64;732.28;38.95;-7.88;17597;0;0;4881.44;6307;610.16;329;6526;18611;5778;
2023-02-21 17:28:12;21.69;732.3;39.14;-7.94;17604;0;0;4859.19;6242;604.31;310;6446;18370;5682;
2023-02-21 17:29:09;21.66;732.31;39.01;-8.06;17601;0;0;4835.18;6176;598.74;288;6367;18125;5583;
2023-02-21 17:30:10;21.68;732.32;39.05;-8.06;17591;0;0;4809.66;6114;593.24;268;6289;17889;5486;
2023-02-21 17:31:08;21.61;732.34;38.98;-8.31;17604;0;0;4780.25;6058;588.11;252;6213;17659;5389;
2023-02-21 17:32:06;21.63;732.34;39.21;-8.13;17594;0;0;4753.18;5998;582.85;235;6137;17428;5293;
2023-02-21 17:33:03;21.6;732.34;39.09;-8.13;17556;0;0;4730.45;5935;577.38;219;6062;17198;5202;
2023-02-21 17:34:00;21.6;732.35;39.23;-8.19;17586;0;0;4704.02;5880;572.58;199;5992;16984;5113;
2023-02-21 17:34:58;21.57;732.35;39.52;-8.44;17597;0;0;4680.98;5810;566.51;182;5911;16737;5017;
2023-02-21 17:35:55;21.54;732.4;39.64;-8.44;17598;0;0;4638.06;21597;565.19;949;21972;61975;18406;
2023-02-21 17:36:53;21.55;732.42;39.55;-8.5;17580;0;0;4610.41;21418;560.88;879;21732;61248;18098;
2023-02-21 17:37:50;21.53;732.42;39.57;106.06;17603;0;0;4585.81;21187;555.75;797;21464;60417;17766;
2023-02-21 17:38:47;21.54;732.44;40.07;-8.75;17600;0;0;4560.07;20996;551.6;737;21233;59692;17464;
2023-02-21 17:39:45;21.53;732.45;39.92;-8.63;17606;0;0;4535.31;20839;547.74;676;21022;59059;17198;
2023-02-21 17:40:42;21.51;732.47;40.01;-8.56;17590;0;0;4506.65;20681;544.04;643;20807;58399;16912;
2023-02-21 17:41:40;21.51;732.51;40.21;-8.94;17592;0;0;4480.28;20506;540.02;592;20585;57717;16627;
2023-02-21 17:42:38;21.46;732.51;40.41;-8.69;17605;0;0;4454.31;20405;537.39;531;20423;57234;16406;
2023-02-21 17:43:35;21.43;732.54;40.48;-8.88;17596;0;0;4430.77;20266;534.33;479;20246;56680;16169;
2023-02-21 17:44:33;21.41;732.54;40.38;-8.75;17584;0;0;4407.56;20091;529.83;431;20020;56018;15907;
2023-02-21 17:45:31;21.43;732.54;40.71;-8.94;17599;0;0;4385.3;19921;526.19;393;19824;55401;15656;
2023-02-21 17:46:28;21.4;732.57;40.75;-8.88;17596;0;0;4363.5;19803;523.43;342;19667;54920;15450;
2023-02-21 17:47:26;21.4;732.6;40.74;-9.06;17603;0;0;4342.57;19653;519.7;305;19477;54355;15225;
2023-02-21 17:48:23;21.34;732.6;40.64;-8.94;17590;0;0;4321.98;19548;517.63;260;19347;53932;15038;
2023-02-21 17:49:21;21.36;732.6;40.98;-9;17602;0;0;4303.13;19439;515.21;219;19210;53507;14858;
2023-02-21 17:50:19;21.35;732.62;40.75;-9.13;17597;0;0;4282.62;19345;512.69;180;19070;53097;14682;
2023-02-21 17:51:16;21.31;732.63;40.92;-9.13;17598;0;0;4271.62;19034;504.68;155;18746;52170;14391;
2023-02-21 17:52:14;21.34;732.63;41.24;-9.44;17598;0;0;4247.85;19083;506.81;100;18766;52157;14309;
2023-02-21 17:53:11;21.27;732.63;40.85;-9.13;17587;0;0;4210.79;19296;511.99;65;18878;52455;14281;
2023-02-21 17:54:09;21.29;732.64;40.32;-9.25;17591;0;0;4182.96;19461;516.73;21;18987;52708;14261;
2023-02-21 17:55:09;21.27;732.65;40.31;-9.38;17586;0;0;4169.21;19364;514.38;0;18868;52366;14120;
2023-02-21 17:56:07;21.28;732.65;40.13;-9.13;17582;0;0;4155.64;19273;511.93;0;18748;52077;13985;
2023-02-21 17:57:04;21.27;732.65;40.05;-9.19;17587;0;0;4127.43;19487;517.04;0;18875;52473;13996;
2023-02-21 17:58:03;21.19;732.69;39.98;-9.25;17591;0;0;7556.35;1857;8.07;1048;2041;6903;3005;
2023-02-21 17:59:01;21.15;732.71;39.83;-9.31;17601;0;0;7544.9;1645;7.06;952;1795;6097;2657;
2023-02-21 18:00:00;21.06;732.75;39.88;-9.56;17589;0;0;7538.95;1452;6.15;862;1574;5368;2343;
2023-02-21 18:00:59;20.99;732.77;39.81;-9.63;17594;0;0;7541.94;1276;5.34;776;1376;4712;2060;
2023-02-21 18:01:58;20.94;732.79;39.31;-9.69;17602;0;0;7550.33;1119;4.64;694;1203;4131;1809;
2023-02-21 18:02:57;20.96;732.81;39.39;-9.5;17598;0;0;7560.31;977;4.01;617;1046;3604;1582;
2023-02-21 18:03:55;20.9;732.82;39.53;-9.69;17586;0;0;7447.81;875;3.6;546;926;3191;1391;
2023-02-21 18:04:54;20.79;732.84;39.38;-9.88;17585;0;0;7458.04;763;3.12;482;806;2784;1215;
2023-02-21 18:05:54;20.73;732.85;39.7;-9.63;17605;0;0;7465.16;663;2.7;420;700;2420;1057;
2023-02-21 18:06:52;20.57;732.87;38.27;-9.63;17590;0;0;7501.63;573;2.33;363;607;2098;919;
2023-02-21 18:07:50;20.58;732.9;40.1;-9.63;17600;0;0;4031.43;4287;25.92;419;3816;11074;2971;
2023-02-21 18:08:50;20.52;732.92;39.93;-9.75;17582;0;0;3998.19;4612;28.9;152;4208;11976;3156;
2023-02-21 18:09:48;20.51;732.94;40.08;-9.81;17586;0;0;3943.43;4699;29.92;50;4314;12161;3148;
2023-02-21 18:10:47;20.49;732.94;40.7;-9.63;17589;0;0;3907.07;4617;29.7;0;4255;11921;3049;
2023-02-21 18:11:46;20.41;732.96;42.08;-9.63;17606;0;0;3857.89;4499;29.18;0;4149;11638;2913;
2023-02-21 18:12:44;20.35;732.96;42.24;-9.88;17606;0;0;3814.6;4397;28.7;0;4055;11388;2797;
2023-02-21 18:13:43;20.29;732.96;44.06;-9.81;17603;0;0;3790.19;4248;27.88;0;3923;11028;2675;
2023-02-21 18:14:42;20.23;733.02;44.29;-9.81;17582;0;0;3757.62;4168;27.48;0;3848;10825;2589;
2023-02-21 18:15:40;20.24;733.02;45.19;-9.88;17590;0;0;3715.59;4186;27.65;0;3850;10848;2554;
2023-02-21 18:16:39;20.22;733.05;45.24;-9.94;17603;0;0;3681.56;4180;27.62;0;3830;10808;2513;
2023-02-21 18:17:38;20.21;733.05;45.44;-10.06;17591;0;0;8759.79;91;0.41;38;115;382;176;
2023-02-21 18:18:36;20.29;733.05;46.28;-9.88;17602;0;0;8673.41;79;0.37;31;100;329;151;
2023-02-21 18:19:35;20.27;733.06;47.13;-10;17593;0;0;8674.82;68;0.32;26;86;284;130;
2023-02-21 18:20:34;20.26;733.1;47.52;-9.94;17589;0;0;8386.41;61;0.29;21;76;248;112;
2023-02-21 18:21:33;20.3;733.1;49.22;-9.94;17589;0;0;8164.33;54;0.26;18;66;215;96;
2023-02-21 18:22:32;20.34;733.13;49.83;-9.88;17594;0;0;7979.13;48;0.23;15;58;188;83;
2023-02-21 18:23:31;20.36;733.16;50.72;-10;17594;0;0;7681.93;43;0.21;13;51;164;71;
2023-02-21 18:24:29;20.31;733.14;50.47;-10;17586;0;0;7507.05;38;0.19;11;45;144;61;
2023-02-21 18:25:28;20.33;733.15;50.53;-9.94;17598;0;0;7269.29;35;0.17;9;40;128;54;
2023-02-21 18:26:27;20.33;733.17;50.82;-9.94;17599;0;0;6986.94;32;0.16;7;36;114;47;
2023-02-21 18:27:25;20.29;733.17;51;-10.06;17586;0;0;6646.17;29;0.15;7;32;101;40;
2023-02-21 18:28:24;20.32;733.2;51.24;-10.06;17586;0;0;6471;27;0.14;6;29;91;36;
2023-02-21 18:29:23;20.26;733.21;51.08;-10.25;17583;0;0;6267.8;25;0.13;5;26;83;32;
2023-02-21 18:30:22;20.25;733.23;50.27;-10.25;17598;0;0;5836;24;0.13;4;25;76;28;
2023-02-21 18:31:20;20.23;733.24;50.56;-10.06;17602;0;0;5720.55;22;0.12;4;22;69;25;
2023-02-21 18:32:19;20.19;733.29;50.1;103;17608;0;0;5563.86;21;0.11;3;21;65;23;
2023-02-21 18:33:18;20.21;733.3;49.67;-10.25;17597;0;0;5201;20;0.12;3;20;60;20;
2023-02-21 18:34:16;20.23;733.3;49.48;-10.13;17593;0;0;5010.5;20;0.11;2;19;57;19;
2023-02-21 18:35:16;20.26;733.3;49.36;-10.31;17604;0;0;5000.47;19;0.11;2;18;54;18;
2023-02-21 18:36:15;20.23;733.33;49.1;-10.19;17589;0;0;4777.67;18;0.1;2;17;51;16;
2023-02-21 18:37:13;20.19;733.35;49;-10.25;17589;0;0;4777.67;18;0.1;1;17;50;16;
2023-02-21 18:38:12;20.22;733.35;48.94;-10.25;17586;0;0;4528.65;17;0.1;2;16;47;14;
2023-02-21 18:39:11;20.11;733.38;47.74;-10.19;17589;0;0;4528.65;17;0.1;1;16;47;14;
2023-02-21 18:40:11;20.16;733.39;48.71;-10.19;17606;0;0;4304.53;17;0.11;1;16;45;13;
2023-02-21 18:41:10;20.23;733.4;48.48;-10.19;17596;0;0;4080.41;17;0.1;1;15;44;12;
2023-02-21 18:42:08;20.23;733.4;48.22;-10.5;17587;0;0;4248.5;16;0.1;1;15;43;12;
2023-02-21 18:43:07;20.2;733.38;48.07;-10.25;17599;0;0;4010.38;16;0.1;1;14;41;11;
2023-02-21 18:44:06;20.22;733.43;48.18;-10.25;17598;0;0;4010.38;16;0.1;1;14;41;11;
2023-02-21 18:45:07;20.23;733.43;48.07;-10.31;17605;0;0;3772.25;16;0.1;1;14;40;10;
2023-02-21 18:46:06;20.2;733.44;47.77;-10.38;17584;0;0;3931;15;0.1;1;14;39;10;
2023-02-21 18:47:06;20.2;733.45;47.76;-10.5;17593;0;0;4010.38;16;0.1;0;14;40;11;
2023-02-21 18:48:05;20.1;733.47;46.96;-10.25;17586;0;0;3772.25;16;0.1;0;14;39;10;
2023-02-21 18:49:03;20.14;733.5;47.46;-10.38;17603;0;0;3772.25;16;0.1;0;14;39;10;
2023-02-21 18:50:03;20.08;733.51;47.33;-10.31;17586;0;0;3772.25;16;0.1;0;14;39;10;
2023-02-21 18:51:02;20.12;733.53;47.55;-10.38;17599;0;0;3677;15;0.09;1;13;37;9;
2023-02-21 18:52:00;20.08;733.53;47.53;-10.5;17599;0;0;3677;15;0.09;1;13;37;9;
2023-02-21 18:52:59;20.12;733.55;47.5;-10.44;17593;0;0;3772.25;16;0.1;0;14;39;10;
2023-02-21 18:53:58;20.12;733.55;47.32;-10.44;17595;0;0;3772.25;16;0.1;0;14;39;10;
2023-02-21 18:54:56;20.05;733.56;46.82;-10.75;17588;0;0;3677;15;0.09;1;13;37;9;
2023-02-21 18:55:55;20.03;733.57;47.42;-10.56;17589;0;0;3677;15;0.09;1;13;37;9;
2023-02-21 18:56:54;20.04;733.56;47.17;-10.56;17594;0;0;3677;15;0.09;0;13;37;9;
2023-02-21 18:57:52;20.02;733.59;47.09;-10.5;17594;0;0;3677;15;0.09;0;13;37;9;
2023-02-21 18:58:52;19.93;733.59;46.11;-10.56;17597;0;0;3677;15;0.09;0;13;37;9;
2023-02-21 18:59:50;19.9;733.59;46.87;-10.56;17588;0;0;3677;15;0.09;0;13;37;9;
2023-02-21 19:00:48;19.87;733.61;47.12;-10.5;17590;0;0;3677;15;0.09;0;13;36;9;
2023-02-21 19:01:48;19.81;733.62;47.16;-10.56;17588;0;0;3677;15;0.09;0;13;36;9;
2023-02-21 19:02:47;19.84;733.62;47.15;-10.69;17596;0;0;3677;15;0.09;0;13;36;9;
2023-02-21 19:03:45;19.84;733.65;46.97;-10.5;17590;0;0;3677;15;0.09;0;13;36;9;
2023-02-21 19:04:44;19.8;733.67;46.5;-10.63;17590;0;0;3677;15;0.09;0;13;36;9;
2023-02-21 19:05:43;19.78;733.68;46.67;-10.56;17598;0;0;3677;15;0.09;0;13;36;9;
2023-02-21 19:06:41;19.78;733.68;46.98;-10.56;17588;0;0;3677;15;0.09;0;13;36;9;
2023-02-21 19:07:40;19.77;733.69;47.02;-11;17586;0;0;3677;15;0.09;0;13;36;9;
2023-02-21 19:08:39;19.7;733.72;47;-10.75;17577;0;0;3677;15;0.09;0;13;36;9;
2023-02-21 19:09:40;19.72;733.73;46.97;-10.94;17594;0;0;3677;15;0.09;0;13;36;9;
2023-02-21 19:10:39;19.77;733.72;46.95;-10.75;17580;0;0;3677;15;0.09;0;13;37;9;
2023-02-21 19:11:38;19.78;733.77;46.53;-10.75;17591;0;0;3677;15;0.09;0;13;37;9;
2023-02-21 19:12:36;19.83;733.77;46.26;-11;17585;0;0;3677;15;0.09;0;13;37;9;
2023-02-21 19:13:35;19.82;733.79;46.57;-11;17605;0;0;3677;15;0.09;0;13;37;9;
2023-02-21 19:14:34;19.88;733.81;46.36;-10.81;17601;0;0;3677;15;0.09;0;13;36;9;
2023-02-21 19:15:32;19.88;733.86;46.14;-10.88;17584;0;0;3677;15;0.09;0;13;36;9;
2023-02-21 19:16:32;19.89;733.88;46.04;-11.06;17582;0;0;3677;15;0.09;0;13;36;9;
2023-02-21 19:17:30;19.95;733.86;46.05;-11.13;17588;0;0;3677;15;0.09;0;13;37;9;
2023-02-21 19:18:29;19.98;733.86;46.07;-10.94;17600;0;0;3677;15;0.09;0;13;37;9;
2023-02-21 19:19:28;19.91;733.87;45.87;-11.13;17602;0;0;3677;15;0.09;0;13;36;9;
2023-02-21 19:20:26;19.9;733.9;45.76;-11;17597;0;0;3677;15;0.09;0;13;36;9;
2023-02-21 19:21:24;19.93;733.89;45.84;-11.25;17599;0;0;3677;15;0.09;0;13;36;9;
2023-02-21 19:22:24;19.98;733.9;45.69;-11.06;17597;0;0;3677;15;0.09;0;13;36;9;
2023-02-21 19:23:22;20.02;733.89;45.51;-11.06;17587;0;0;3677;15;0.09;0;13;36;9;
2023-02-21 19:24:20;20.01;733.91;45.47;-11.25;17586;0;0;3677;15;0.09;0;13;37;9;
2023-02-21 19:25:19;19.97;733.92;45.55;-10.94;17597;0;0;3534.13;16;0.1;0;14;38;9;
2023-02-21 19:26:18;19.94;733.92;45.56;-11.19;17598;0;0;3534.13;16;0.1;0;14;38;9;
2023-02-21 19:27:16;19.94;733.93;45.44;-10.94;17591;0;0;3534.13;16;0.1;0;14;38;9;
2023-02-21 19:28:15;19.93;733.95;45.45;-11.25;17593;0;0;3534.13;16;0.1;0;14;38;9;
2023-02-21 19:29:14;19.89;733.95;44.77;-11.13;17579;0;0;3534.13;16;0.1;0;14;39;9;
2023-02-21 19:30:13;19.94;733.96;45.32;-11.13;17585;0;0;3534.13;16;0.1;0;14;39;9;
2023-02-21 19:31:13;19.97;733.97;45.17;-11.19;17587;0;0;3534.13;16;0.1;0;14;39;9;
2023-02-21 19:32:11;19.93;733.98;45.14;-11.25;17587;0;0;3534.13;16;0.1;0;14;39;9;
2023-02-21 19:33:10;19.94;733.99;45.06;-11;17595;0;0;3534.13;16;0.1;0;14;39;9;
2023-02-21 19:34:09;19.89;734;44.84;-11.06;17580;0;0;3534.13;16;0.1;0;14;39;9;
2023-02-21 19:35:09;19.84;734.01;44.93;-11.13;17593;0;0;3534.13;16;0.1;0;14;39;9;
2023-02-21 19:36:08;19.86;734.02;44.88;-11;17599;0;0;3534.13;16;0.1;0;14;39;9;
2023-02-21 19:37:07;19.83;734.02;44.98;-11.31;17584;0;0;3534.13;16;0.1;0;14;39;9;
2023-02-21 19:38:06;19.75;734.03;44.76;-11.06;17588;0;0;3534.13;16;0.1;0;14;38;9;
2023-02-21 19:39:05;19.74;734.05;44.93;-10.94;17602;0;0;3534.13;16;0.1;0;14;38;9;
2023-02-21 19:40:05;19.77;734.07;44.83;-11.06;17597;0;0;3534.13;16;0.1;0;14;38;9;
2023-02-21 19:41:04;19.76;734.07;44.88;-11.06;17602;0;0;3534.13;16;0.1;0;14;38;9;
2023-02-21 19:42:02;19.79;734.09;44.86;-11.06;17585;0;0;3534.13;16;0.1;0;14;38;9;
2023-02-21 19:43:01;19.81;734.12;44.72;-11.13;17585;0;0;3534.13;16;0.1;0;14;38;9;
2023-02-21 19:44:00;19.78;734.12;44.62;-11.06;17595;0;0;3534.13;16;0.1;0;14;38;9;
2023-02-21 19:44:58;19.76;734.13;44.5;-11.38;17588;0;0;3534.13;16;0.1;0;14;38;9;
2023-02-21 19:45:57;19.75;734.15;44.56;-11.25;17581;0;0;3534.13;16;0.1;0;14;38;9;
2023-02-21 19:46:55;19.67;734.15;44.5;-11.06;17583;0;0;3534.13;16;0.1;0;14;38;9;
2023-02-21 19:47:54;19.69;734.16;44.57;-11.06;17595;0;0;3534.13;16;0.1;0;14;38;9;
2023-02-21 19:48:53;19.73;734.15;44.47;-11.25;17585;0;0;3534.13;16;0.1;0;14;38;9;
2023-02-21 19:49:51;19.77;734.17;44.36;-11;17606;0;0;3534.13;16;0.1;0;14;38;9;
2023-02-21 19:50:50;19.71;734.18;44.34;-11.19;17597;0;0;3534.13;16;0.1;0;14;38;9;
2023-02-21 19:51:49;19.7;734.17;44.39;-11.25;17588;0;0;3632.18;17;0.1;0;14;40;10;
2023-02-21 19:52:48;19.68;734.17;44.34;-10.94;17601;0;0;3632.18;17;0.11;0;15;41;10;
2023-02-21 19:53:46;19.72;734.19;44.26;-11.06;17592;0;0;3632.18;17;0.11;0;15;41;10;
2023-02-21 19:54:45;19.77;734.18;44.13;-11.19;17605;0;0;3632.18;17;0.11;0;15;41;10;
2023-02-21 19:55:43;19.76;734.19;43.91;-11.06;17589;0;0;3632.18;17;0.11;0;15;41;10;
2023-02-21 19:56:42;19.8;734.2;43.99;-11.06;17601;0;0;3632.18;17;0.11;0;15;41;10;
2023-02-21 19:57:41;19.8;734.21;43.88;-11.19;17587;0;0;3632.18;17;0.1;0;14;41;10;
2023-02-21 19:58:40;19.77;734.21;44;-10.88;17586;0;0;3632.18;17;0.11;0;15;41;10;
2023-02-21 19:59:38;19.77;734.23;43.58;-11.19;17588;0;0;3632.18;17;0.11;0;15;41;10;
2023-02-21 20:00:37;19.78;734.23;43.59;-11.19;17588;0;0;3507.67;18;0.11;0;15;42;10;
2023-02-21 20:01:36;19.8;734.25;43.63;-10.94;17591;0;0;3507.67;18;0.11;0;15;42;10;
2023-02-21 20:02:35;19.78;734.23;43.63;-10.94;17590;0;0;3507.67;18;0.11;0;15;42;10;
2023-02-21 20:03:34;19.64;734.24;43.33;-10.94;17594;0;0;3507.67;18;0.11;0;15;42;10;
2023-02-21 20:04:32;19.6;734.26;43.28;-11;17603;0;0;3507.67;18;0.11;0;15;42;10;
2023-02-21 20:05:31;19.64;734.27;43.73;-11;17591;0;0;3507.67;18;0.11;0;15;42;10;
2023-02-21 20:06:30;19.67;734.23;43.6;-11;17587;0;0;3632.18;17;0.11;0;15;41;10;
2023-02-21 20:07:28;19.65;734.25;43.65;-11.06;17601;0;0;3596.79;19;0.12;0;16;45;11;
2023-02-21 20:08:27;19.63;734.27;43.64;-11.25;17580;0;0;3596.79;19;0.12;0;16;46;11;
2023-02-21 20:09:26;19.61;734.28;43.32;-11.06;17594;0;0;3596.79;19;0.12;0;16;46;11;
2023-02-21 20:10:24;19.63;734.25;43.45;-11;17583;0;0;3719.33;18;0.11;0;16;45;11;
2023-02-21 20:11:23;19.63;734.29;43.14;-11;17585;0;0;3719.33;18;0.11;0;16;45;11;
2023-02-21 20:12:22;19.63;734.32;43.51;-11.25;17600;0;0;3719.33;18;0.11;0;16;45;11;
2023-02-21 20:13:20;19.57;734.32;43.47;-11.06;17592;0;0;3596.79;19;0.12;0;16;45;11;
2023-02-21 20:14:19;19.61;734.34;43.43;-11.13;17587;0;0;3596.79;19;0.12;0;17;46;11;
2023-02-21 20:15:18;19.58;734.34;43.57;-11.25;17578;0;0;3596.79;19;0.12;0;17;47;11;
2023-02-21 20:16:16;19.56;734.37;43.57;-11.06;17603;0;0;3677;20;0.12;0;17;48;12;
2023-02-21 20:17:15;19.57;734.36;43.53;-11.19;17588;0;0;3677;20;0.13;0;18;49;12;
2023-02-21 20:18:14;19.6;734.36;43.45;-11;17585;0;0;3677;20;0.13;0;18;49;12;
2023-02-21 20:19:12;19.62;734.36;43.37;-11.13;17588;0;0;3568.14;21;0.13;0;18;50;12;
2023-02-21 20:20:11;19.61;734.4;42.72;-11;17591;0;0;3568.14;21;0.13;0;18;50;12;
2023-02-21 20:21:10;19.62;734.37;43.32;-10.88;17596;0;0;3568.14;21;0.13;0;18;50;12;
2023-02-21 20:22:09;19.69;734.38;43.11;-11;17590;0;0;3568.14;21;0.13;0;18;50;12;
2023-02-21 20:23:08;19.68;734.4;43.07;-10.94;17594;0;0;3677;20;0.13;0;18;49;12;
2023-02-21 20:24:07;19.64;734.43;42.72;-10.88;17587;0;0;3677;20;0.13;0;18;49;12;
2023-02-21 20:25:07;19.62;734.43;43.24;-10.81;17599;0;0;3677;20;0.12;0;17;49;12;
2023-02-21 20:26:06;19.63;734.42;43.06;-10.88;17586;0;0;3677;20;0.12;0;17;48;12;
2023-02-21 20:27:05;19.69;734.45;42.88;-10.81;17603;0;0;3677;20;0.13;0;18;49;12;
2023-02-21 20:28:04;19.66;734.46;42.91;-10.94;17597;0;0;3677;20;0.13;0;18;49;12;
2023-02-21 20:29:02;19.67;734.48;42.9;-11.06;17589;0;0;3568.14;21;0.13;0;18;50;12;
2023-02-21 20:30:01;19.64;734.51;42.89;-10.88;17601;0;0;3568.14;21;0.13;0;18;50;12;
2023-02-21 20:31:00;19.71;734.52;42.86;-11.13;17593;0;0;3568.14;21;0.13;0;18;51;12;
2023-02-21 20:31:58;19.63;734.51;42.7;-10.81;17589;0;0;3568.14;21;0.13;0;18;51;12;
2023-02-21 20:32:57;19.73;734.54;42.7;101.75;17579;0;0;3469.18;22;0.14;0;19;52;12;
2023-02-21 20:33:56;19.67;734.55;42.65;-10.69;17579;0;0;3469.18;22;0.14;0;19;52;12;
2023-02-21 20:34:54;19.75;734.57;42.49;-10.75;17597;0;0;3469.18;22;0.14;0;19;52;12;
2023-02-21 20:35:53;19.68;734.57;42.53;-10.88;17586;0;0;3568.14;21;0.13;0;18;51;12;
2023-02-21 20:36:52;19.72;734.57;42.62;-10.63;17603;0;0;3568.14;21;0.13;0;18;50;12;
2023-02-21 20:37:50;19.79;734.57;42.52;-10.63;17588;0;0;3677;20;0.13;0;18;49;12;
2023-02-21 20:38:49;19.78;734.58;42.3;-10.75;17585;0;0;3486.5;20;0.12;0;17;47;11;
2023-02-21 20:39:48;19.72;734.6;41.62;-10.81;17585;0;0;3596.79;19;0.12;0;17;46;11;
2023-02-21 20:40:46;19.73;734.59;42.47;-10.88;17590;0;0;3596.79;19;0.12;0;16;45;11;
2023-02-21 20:41:45;19.72;734.61;42.4;-10.88;17581;0;0;3486.5;20;0.12;0;17;48;11;
2023-02-21 20:42:44;19.74;734.63;42.24;-11.06;17591;0;0;3534.13;16;0.09;0;13;38;9;
2023-02-21 20:43:42;19.75;734.65;42.23;-10.75;17602;0;0;3534.13;16;0.1;0;14;38;9;
2023-02-21 20:44:41;19.75;734.63;42.17;-10.88;17588;0;0;3534.13;16;0.1;0;14;38;9;
2023-02-21 20:45:40;19.71;734.62;42.17;-10.69;17599;0;0;3408.06;17;0.1;0;14;39;9;
2023-02-21 20:46:38;19.72;734.62;42.24;-10.88;17578;0;0;3507.67;18;0.1;0;14;41;10;
2023-02-21 20:47:37;19.69;734.61;42.16;-10.81;17598;0;0;3507.67;18;0.11;0;15;42;10;
2023-02-21 20:48:36;19.69;734.63;42.17;-10.81;17594;0;0;3507.67;18;0.11;0;15;43;10;
2023-02-21 20:49:34;19.68;734.63;42.03;-10.75;17601;0;0;3507.67;18;0.11;0;15;43;10;
2023-02-21 20:50:34;19.7;734.64;42.12;-10.75;17587;0;0;3596.79;19;0.11;0;15;44;11;
2023-02-21 20:51:33;19.7;734.64;42.05;-10.75;17583;0;0;3596.79;19;0.11;0;15;44;11;
2023-02-21 20:52:31;19.73;734.64;42.03;-10.69;17598;0;0;3396.26;19;0.11;0;15;44;10;
2023-02-21 20:53:31;19.69;734.66;41.95;-10.81;17587;0;0;3396.26;19;0.11;0;15;43;10;
2023-02-21 20:54:29;19.71;734.67;41.98;-10.75;17587;0;0;3396.26;19;0.11;0;15;43;10;
2023-02-21 20:55:28;19.66;734.68;41.55;-10.75;17579;0;0;3507.67;18;0.11;0;15;42;10;
2023-02-21 20:56:27;19.66;734.67;41.91;-11;17599;0;0;3507.67;18;0.11;0;15;42;10;
2023-02-21 20:57:26;19.59;734.69;41.91;-10.75;17587;0;0;3507.67;18;0.1;0;14;41;10;
2023-02-21 20:58:24;19.64;734.7;42.09;-10.88;17603;0;0;3632.18;17;0.1;0;14;40;10;
2023-02-21 20:59:23;19.61;734.7;41.91;-10.88;17586;0;0;3632.18;17;0.1;0;14;40;10;
2023-02-21 21:00:22;19.57;734.71;41.8;-10.63;17586;0;0;3632.18;17;0.1;0;14;40;10;
2023-02-21 21:01:20;19.52;734.71;41.78;-10.63;17598;0;0;3632.18;17;0.1;0;14;40;10;
2023-02-21 21:02:19;19.57;734.72;42.05;-10.81;17585;0;0;3507.67;18;0.1;0;14;41;10;
2023-02-21 21:03:17;19.61;734.73;41.96;-10.69;17599;0;0;3408.06;17;0.1;1;14;40;9;
2023-02-21 21:04:16;19.58;734.74;41.79;-11.06;17577;0;0;3507.67;18;0.11;0;15;42;10;
2023-02-21 21:05:16;19.52;734.73;41.61;-10.88;17592;0;0;3632.18;17;0.1;0;14;40;10;
2023-02-21 21:06:14;19.51;734.76;41.91;-10.75;17590;0;0;3507.67;18;0.1;0;14;41;10;
2023-02-21 21:07:14;19.48;734.78;41.87;-11.06;17585;0;0;3507.67;18;0.1;0;14;41;10;
2023-02-21 21:08:13;19.48;734.76;41.76;-10.81;17590;0;0;3507.67;18;0.11;0;15;42;10;
2023-02-21 21:09:12;19.53;734.76;41.88;-10.94;17587;0;0;3596.79;19;0.11;0;15;44;11;
2023-02-21 21:10:11;19.52;734.78;41.72;-11;17587;0;0;3596.79;19;0.12;0;16;45;11;
2023-02-21 21:11:10;19.5;734.78;41.63;-10.88;17597;0;0;3396.26;19;0.11;0;15;43;10;
2023-02-21 21:12:09;19.5;734.79;41.63;-10.75;17601;0;0;3396.26;19;0.11;0;15;43;10;
2023-02-21 21:13:07;19.51;734.8;41.5;-10.88;17598;0;0;3396.26;19;0.11;0;15;43;10;
2023-02-21 21:14:06;19.54;734.82;41.54;-10.88;17581;0;0;3396.26;19;0.11;1;15;44;10;
2023-02-21 21:15:06;19.51;734.82;41.53;-10.69;17593;0;0;3396.26;19;0.11;1;15;44;10;
2023-02-21 21:16:05;19.5;734.82;41.7;-10.63;17584;0;0;3596.79;19;0.11;0;15;44;11;
2023-02-21 21:17:05;19.53;734.83;41.67;-10.69;17590;0;0;3596.79;19;0.11;0;15;44;11;
2023-02-21 21:18:03;19.55;734.83;41.6;-10.75;17587;0;0;3507.67;18;0.11;1;15;43;10;
2023-02-21 21:19:02;19.57;734.85;41.43;-10.69;17598;0;0;3596.79;19;0.11;0;15;44;11;
2023-02-21 21:20:01;19.51;734.85;41.12;-10.63;17587;0;0;3396.26;19;0.11;0;15;43;10;
2023-02-21 21:20:59;19.51;734.87;41.3;-10.75;17596;0;0;3396.26;19;0.11;0;15;43;10;
2023-02-21 21:21:58;19.54;734.87;41.54;-10.63;17586;0;0;3507.67;18;0.11;0;15;42;10;
2023-02-21 21:22:57;19.53;734.89;41.51;-10.69;17602;0;0;3632.18;17;0.1;0;14;41;10;
2023-02-21 21:23:56;19.54;734.89;41.28;-10.88;17579;0;0;3632.18;17;0.1;0;14;40;10;
2023-02-21 21:24:54;19.45;734.91;40.62;-10.81;17601;0;0;3632.18;17;0.1;0;14;40;10;
2023-02-21 21:25:53;19.46;734.91;41.58;101.44;17587;0;0;3632.18;17;0.1;0;14;40;10;
2023-02-21 21:26:52;19.44;734.91;41.48;-11.13;17589;0;0;3632.18;17;0.1;0;14;40;10;
2023-02-21 21:27:50;19.44;734.93;41.63;-11.06;17582;0;0;3408.06;17;0.1;0;14;39;9;
2023-02-21 21:28:49;19.48;734.91;41.42;-11.13;17585;0;0;3408.06;17;0.1;0;14;39;9;
2023-02-21 21:29:48;19.47;734.91;41.53;-11;17580;0;0;3408.06;17;0.1;0;14;40;9;
2023-02-21 21:30:46;19.47;734.92;41.34;-11.25;17603;0;0;3632.18;17;0.1;0;14;40;10;
2023-02-21 21:31:45;19.54;734.94;41.42;-11.25;17586;0;0;3632.18;17;0.1;0;14;40;10;
2023-02-21 21:32:44;19.52;734.98;41.33;-11.19;17598;0;0;3632.18;17;0.1;0;14;41;10;
2023-02-21 21:33:42;19.53;734.98;41.39;-10.94;17586;0;0;3534.13;16;0.09;0;12;36;9;
2023-02-21 21:34:41;19.52;734.96;41.39;-11.19;17596;0;0;3423;15;0.08;1;11;34;8;
2023-02-21 21:35:39;19.52;734.99;41.28;-11.25;17597;0;0;3423;15;0.09;0;12;35;8;
2023-02-21 21:36:38;19.5;734.99;41.34;-11.25;17593;0;0;3423;15;0.09;0;12;34;8;
2023-02-21 21:37:37;19.56;735;41.29;-11.25;17594;0;0;3423;15;0.09;0;12;34;8;
2023-02-21 21:38:35;19.48;735.01;41.25;-11.19;17593;0;0;3423;15;0.09;0;12;34;8;
2023-02-21 21:39:34;19.52;735.04;41.33;-11;17590;0;0;3568.14;14;0.08;0;11;33;8;
2023-02-21 21:40:33;19.59;735.03;41.21;-11.06;17581;0;0;3568.14;14;0.08;0;11;32;8;
2023-02-21 21:41:32;19.52;735.05;41.09;-11.13;17593;0;0;3442.54;13;0.08;0;11;31;7;
2023-02-21 21:42:31;19.55;735.04;41.16;-11.19;17582;0;0;3442.54;13;0.07;0;10;29;7;
2023-02-21 21:43:30;19.51;735.07;41;-11.31;17579;0;0;3442.54;13;0.07;0;10;29;7;
2023-02-21 21:44:28;19.56;735.08;41.11;-11.13;17586;0;0;3442.54;13;0.07;0;10;29;7;
2023-02-21 21:45:27;19.51;735.1;40.81;-11.38;17593;0;0;3613.5;12;0.07;0;10;28;7;
2023-02-21 21:46:26;19.48;735.13;40.95;-11.31;17601;0;0;3613.5;12;0.07;0;10;28;7;
2023-02-21 21:47:24;19.57;735.12;40.98;-11.56;17584;0;0;3469.18;11;0.07;1;9;26;6;
2023-02-21 21:48:22;19.53;735.15;40.57;-11.44;17579;0;0;3469.18;11;0.07;1;9;26;6;
2023-02-21 21:49:22;19.58;735.15;40.99;-11.44;17603;0;0;3613.5;12;0.07;0;10;28;7;
2023-02-21 21:50:20;19.59;735.15;40.92;-11.44;17578;0;0;3613.5;12;0.07;0;10;28;7;
2023-02-21 21:51:19;19.54;735.15;40.73;-11.5;17595;0;0;3442.54;13;0.07;0;10;29;7;
2023-02-21 21:52:18;19.55;735.15;40.95;-11.56;17591;0;0;3442.54;13;0.07;0;10;29;7;
2023-02-21 21:53:16;19.6;735.15;40.84;-11.5;17600;0;0;3442.54;13;0.07;0;10;30;7;
2023-02-21 21:54:15;19.57;735.18;40.8;-11.63;17599;0;0;3442.54;13;0.08;0;11;30;7;
2023-02-21 21:55:14;19.57;735.18;40.81;-11.81;17599;0;0;3296;14;0.08;0;11;31;7;
2023-02-21 21:56:13;19.55;735.21;40.74;-11.63;17590;0;0;3568.14;14;0.08;0;11;32;8;
2023-02-21 21:57:11;19.58;735.21;40.76;-11.56;17591;0;0;3423;15;0.08;0;11;33;8;
2023-02-21 21:58:11;19.61;735.21;40.43;-11.5;17582;0;0;3568.14;14;0.08;0;11;32;8;
2023-02-21 21:59:09;19.65;735.21;40.6;-11.5;17604;0;0;3568.14;14;0.08;0;11;32;8;
2023-02-21 22:00:08;19.62;735.21;40.56;-11.69;17578;0;0;3568.14;14;0.08;0;11;32;8;
2023-02-21 22:01:07;19.63;735.24;40.36;-11.56;17599;0;0;3568.14;14;0.08;0;11;32;8;
2023-02-21 22:02:05;19.55;735.25;40.47;-11.56;17596;0;0;3442.54;13;0.07;1;10;30;7;
2023-02-21 22:03:04;19.52;735.27;40.49;-11.69;17589;0;0;3296;14;0.08;0;11;31;7;
2023-02-21 22:04:03;19.52;735.28;40.57;-11.56;17579;0;0;3296;14;0.08;0;11;31;7;
2023-02-21 22:05:03;19.53;735.29;40.59;-11.5;17587;0;0;3296;14;0.08;0;11;31;7;
2023-02-21 22:06:01;19.53;735.3;40.44;-11.56;17605;0;0;3442.54;13;0.08;0;11;31;7;
2023-02-21 22:07:00;19.53;735.29;40.49;-11.63;17599;0;0;3442.54;13;0.08;0;11;30;7;
2023-02-21 22:07:59;19.42;735.32;40.52;-11.44;17592;0;0;3442.54;13;0.07;0;10;30;7;
2023-02-21 22:08:57;19.46;735.33;40.63;-11.69;17581;0;0;3442.54;13;0.07;0;10;29;7;
2023-02-21 22:09:56;19.4;735.33;40.64;-11.5;17587;0;0;3613.5;12;0.07;0;10;28;7;
2023-02-21 22:10:55;19.34;735.33;40.65;-11.63;17578;0;0;3296;12;0.07;0;9;27;6;
2023-02-21 22:11:53;19.42;735.36;40.71;-11.69;17591;0;0;3296;12;0.07;0;9;26;6;
2023-02-21 22:12:52;19.38;735.34;40.54;-11.75;17588;0;0;3296;12;0.07;0;9;26;6;
2023-02-21 22:13:51;19.37;735.36;40.51;-11.75;17590;0;0;3469.18;11;0.07;0;9;26;6;
2023-02-21 22:14:49;19.38;735.36;40.54;-11.88;17601;0;0;3469.18;11;0.07;0;9;26;6;
2023-02-21 22:15:48;19.44;735.37;40.46;-12.13;17593;0;0;3469.18;11;0.07;0;9;26;6;
2023-02-21 22:16:47;19.44;735.38;40.5;-12;17601;0;0;3469.18;11;0.07;0;9;26;6;
2023-02-21 22:17:45;19.43;735.38;40.53;-12;17590;0;0;3469.18;11;0.07;0;9;26;6;
2023-02-21 22:18:45;19.34;735.39;39.41;-12.13;17596;0;0;3469.18;11;0.07;0;9;26;6;
2023-02-21 22:19:43;19.34;735.42;40.43;-12.06;17584;0;0;3469.18;11;0.07;0;9;26;6;
2023-02-21 22:20:42;19.37;735.42;40.22;-12.13;17587;0;0;3469.18;11;0.07;0;9;26;6;
2023-02-21 22:21:41;19.39;735.44;40.4;-12.31;17585;0;0;3469.18;11;0.07;0;9;26;6;
2023-02-21 22:22:39;19.41;735.42;40.21;-12.5;17585;0;0;3469.18;11;0.07;0;9;25;6;
2023-02-21 22:23:38;19.36;735.42;40.37;-12.5;17579;0;0;3469.18;11;0.07;0;9;25;6;
2023-02-21 22:24:37;19.38;735.44;40.36;-12.31;17603;0;0;3469.18;11;0.07;0;9;25;6;
2023-02-21 22:25:35;19.32;735.43;40.17;-12.31;17600;0;0;3469.18;11;0.07;0;9;25;6;
2023-02-21 22:26:34;19.37;735.45;40.2;-12.25;17590;0;0;3469.18;11;0.07;0;9;25;6;
2023-02-21 22:27:33;19.32;735.45;40.38;-12.38;17600;0;0;3469.18;11;0.07;0;9;25;6;
2023-02-21 22:28:31;19.38;735.45;40.33;-12.44;17600;0;0;3469.18;11;0.07;0;9;25;6;
2023-02-21 22:29:30;19.35;735.45;40.34;-12.38;17586;0;0;3469.18;11;0.07;0;9;25;6;
2023-02-21 22:30:29;19.28;735.47;40.34;-12.44;17602;0;0;3469.18;11;0.07;0;9;25;6;
2023-02-21 22:31:28;19.12;735.5;38.91;-12.38;17586;0;0;3469.18;11;0.07;0;9;25;6;
2023-02-21 22:32:26;19.18;735.48;40.59;-12.38;17587;0;0;3469.18;11;0.07;0;9;25;6;
2023-02-21 22:33:25;19.14;735.48;40.52;-12.63;17591;0;0;3469.18;11;0.07;0;9;25;6;
2023-02-21 22:34:24;19.17;735.49;40.26;-12.5;17583;0;0;3469.18;11;0.07;0;9;25;6;
2023-02-21 22:35:22;19.14;735.5;40.63;-12.69;17586;0;0;3469.18;11;0.07;0;9;25;6;
2023-02-21 22:36:21;19.14;735.53;40.64;-12.81;17585;0;0;3469.18;11;0.07;0;9;25;6;
2023-02-21 22:37:19;19.15;735.52;40.65;-12.75;17578;0;0;3469.18;11;0.07;0;9;25;6;
2023-02-21 22:38:18;19.11;735.54;40.58;-12.75;17599;0;0;3469.18;11;0.07;0;9;25;6;
2023-02-21 22:39:17;19.13;735.53;40.58;-12.75;17602;0;0;3469.18;11;0.07;0;9;25;6;
2023-02-21 22:40:15;19.18;735.53;40.53;-12.81;17600;0;0;3469.18;11;0.07;0;9;25;6;
2023-02-21 22:41:14;19.24;735.54;40.49;-12.63;17591;0;0;3469.18;11;0.07;0;9;25;6;
2023-02-21 22:42:13;19.24;735.54;40.52;-12.5;17597;0;0;3469.18;11;0.07;0;9;25;6;
2023-02-21 22:43:12;19.27;735.58;40.4;-12.94;17585;0;0;3469.18;11;0.07;0;9;25;6;
2023-02-21 22:44:10;19.25;735.57;40.38;-12.63;17581;0;0;3469.18;11;0.07;0;9;25;6;
2023-02-21 22:45:10;19.2;735.58;40.27;-12.75;17584;0;0;3469.18;11;0.07;0;9;25;6;
2023-02-21 22:46:09;19.18;735.6;40.23;-12.69;17584;0;0;3469.18;11;0.07;0;9;25;6;
2023-02-21 22:47:08;19.14;735.63;40.47;-12.81;17586;0;0;3469.18;11;0.07;0;9;25;6;
2023-02-21 22:48:07;19.05;735.63;40.04;-12.94;17586;0;0;3469.18;11;0.07;0;9;25;6;
2023-02-21 22:49:05;19.01;735.63;40.32;-12.81;17596;0;0;3469.18;11;0.07;0;9;25;6;
2023-02-21 22:50:06;19.03;735.63;40.06;-12.75;17602;0;0;3469.18;11;0.07;0;9;25;6;
2023-02-21 22:51:05;19;735.64;40.69;-12.94;17587;0;0;3469.18;11;0.07;0;9;25;6;
2023-02-21 22:52:03;18.96;735.66;40.43;-12.75;17589;0;0;3469.18;11;0.07;0;9;25;6;
2023-02-21 22:53:02;18.92;735.65;40.49;-13;17600;0;0;3469.18;11;0.07;0;9;25;6;
2023-02-21 22:54:01;18.78;735.65;40.15;-12.81;17604;0;0;3469.18;11;0.07;0;9;25;6;
2023-02-21 22:54:59;18.8;735.65;40.45;-12.81;17588;0;0;3469.18;11;0.07;0;9;25;6;
2023-02-21 22:55:58;18.82;735.65;40.93;-12.88;17599;0;0;3469.18;11;0.07;0;9;25;6;
2023-02-21 22:56:57;18.96;735.66;40.81;-12.88;17586;0;0;3469.18;11;0.07;0;9;25;6;
2023-02-21 22:57:55;19;735.68;40.6;-12.88;17595;0;0;3469.18;11;0.07;0;9;25;6;
2023-02-21 22:58:54;18.97;735.69;40.29;-13;17599;0;0;3469.18;11;0.07;0;9;25;6;
2023-02-21 22:59:53;18.99;735.69;40.56;-13.13;17588;0;0;3469.18;11;0.07;0;9;25;6;
2023-02-21 23:00:51;19.04;735.71;40.41;-13;17597;0;0;3469.18;11;0.07;0;9;25;6;
2023-02-21 23:01:50;19.07;735.71;40.48;-13.19;17584;0;0;3469.18;11;0.07;0;9;25;6;
2023-02-21 23:02:49;19.09;735.72;40.41;-13.19;17599;0;0;3469.18;11;0.07;0;9;25;6;
2023-02-21 23:03:48;19.13;735.75;40.22;-13.25;17596;0;0;3469.18;11;0.07;0;9;25;6;
2023-02-21 23:04:46;19.1;735.74;40.33;-13;17587;0;0;3469.18;11;0.07;0;9;25;6;
2023-02-21 23:05:45;19.15;735.75;40.24;-13.19;17582;0;0;3469.18;11;0.07;0;9;25;6;
2023-02-21 23:06:43;19.17;735.77;40.15;-13;17602;0;0;3469.18;11;0.07;0;9;25;6;
2023-02-21 23:07:42;19.2;735.78;40.12;-12.94;17597;0;0;3469.18;11;0.07;0;9;25;6;
2023-02-21 23:08:41;19.19;735.78;39.9;-12.94;17602;0;0;3469.18;11;0.07;0;9;25;6;
2023-02-21 23:09:39;19.19;735.77;40.13;-13.19;17594;0;0;3469.18;11;0.07;0;9;25;6;
2023-02-21 23:10:38;19.1;735.77;40.11;-13.25;17586;0;0;3469.18;11;0.07;0;9;25;6;
2023-02-21 23:11:37;19.12;735.78;40.07;-13.19;17579;0;0;3469.18;11;0.07;0;9;25;6;
2023-02-21 23:12:36;19.09;735.79;40;-13.06;17593;0;0;3469.18;11;0.07;0;9;25;6;
2023-02-21 23:13:34;19.1;735.8;39.97;-13.19;17587;0;0;3469.18;11;0.07;0;9;25;6;
2023-02-21 23:14:33;19.1;735.79;39.94;-13.06;17580;0;0;3469.18;11;0.07;0;9;25;6;
2023-02-21 23:15:32;19.11;735.81;40.01;-13.19;17593;0;0;3469.18;11;0.07;0;9;25;6;
2023-02-21 23:16:30;19.13;735.81;40.01;-13.06;17589;0;0;3469.18;11;0.07;0;9;25;6;
2023-02-21 23:17:29;19.11;735.82;39.99;-13;17596;0;0;3469.18;11;0.07;0;9;25;6;
2023-02-21 23:18:28;19.13;735.81;39.98;-13.06;17581;0;0;3469.18;11;0.07;0;9;25;6;
2023-02-21 23:19:27;19.12;735.81;40.03;-13.13;17600;0;0;3469.18;11;0.07;0;9;25;6;
2023-02-21 23:20:26;19.08;735.82;39.91;-13;17600;0;0;3469.18;11;0.07;0;9;25;6;
2023-02-21 23:21:24;19.09;735.84;39.9;-13.06;17592;0;0;3469.18;11;0.07;0;9;25;6;
2023-02-21 23:22:22;19.01;735.83;39.82;-13.06;17586;0;0;3469.18;11;0.07;0;9;25;6;
2023-02-21 23:23:21;18.99;735.84;39.91;-13.06;17600;0;0;3469.18;11;0.07;0;9;25;6;
2023-02-21 23:24:20;18.95;735.81;40.07;-13.06;17600;0;0;3469.18;11;0.07;0;9;25;6;
2023-02-21 23:25:19;18.94;735.83;39.86;-13.06;17578;0;0;3469.18;11;0.07;0;9;25;6;
2023-02-21 23:26:18;18.94;735.84;40.15;-13.13;17579;0;0;3469.18;11;0.07;0;9;25;6;
2023-02-21 23:27:16;18.94;735.85;40.07;-13.19;17600;0;0;3469.18;11;0.07;0;9;25;6;
2023-02-21 23:28:15;18.97;735.84;40;-13.31;17598;0;0;3469.18;11;0.07;0;9;25;6;
2023-02-21 23:29:14;18.97;735.85;40.03;-13.38;17587;0;0;3469.18;11;0.07;0;9;25;6;
2023-02-21 23:30:13;18.98;735.86;39.95;-13.44;17603;0;0;3469.18;11;0.07;0;9;25;6;
2023-02-21 23:31:11;19;735.85;39.88;-13.25;17596;0;0;3469.18;11;0.07;0;9;25;6;
2023-02-21 23:32:11;18.96;735.87;39.84;-13.25;17600;0;0;3469.18;11;0.07;0;9;25;6;
2023-02-21 23:33:09;18.92;735.85;39.86;-13.44;17583;0;0;3469.18;11;0.07;0;9;25;6;
2023-02-21 23:34:07;18.92;735.88;39.89;-13.31;17584;0;0;3469.18;11;0.07;0;9;25;6;
2023-02-21 23:35:07;18.9;735.88;39.8;-13.25;17593;0;0;3469.18;11;0.07;0;9;25;6;
2023-02-21 23:36:07;18.9;735.87;39.87;-13.44;17579;0;0;3469.18;11;0.07;0;9;25;6;
2023-02-21 23:37:06;18.89;735.86;39.89;-13.25;17577;0;0;3469.18;11;0.07;0;9;25;6;
2023-02-21 23:38:05;18.94;735.88;39.8;-13.5;17598;0;0;3469.18;11;0.07;0;9;25;6;
2023-02-21 23:39:03;18.92;735.86;39.82;-13.38;17602;0;0;3469.18;11;0.07;0;9;25;6;
2023-02-21 23:40:02;18.91;735.87;39.95;-13.25;17587;0;0;3469.18;11;0.07;0;9;25;6;
2023-02-21 23:41:02;18.86;735.85;39.26;-13.25;17585;0;0;3469.18;11;0.07;0;9;25;6;
2023-02-21 23:42:00;18.9;735.88;39.81;-13.31;17585;0;0;3469.18;11;0.07;0;9;25;6;
2023-02-21 23:42:59;18.94;735.89;39.58;-13.5;17585;0;0;3469.18;11;0.07;0;9;25;6;
2023-02-21 23:43:58;18.92;735.9;39.9;-13.19;17600;0;0;3469.18;11;0.07;0;9;25;6;
2023-02-21 23:44:56;18.93;735.92;39.81;-13.31;17583;0;0;3469.18;11;0.07;0;9;25;6;
2023-02-21 23:45:55;18.86;735.92;39.32;-13.31;17590;0;0;3469.18;11;0.07;0;9;25;6;
2023-02-21 23:46:54;18.87;735.95;39.88;-13.44;17596;0;0;3469.18;11;0.07;0;9;25;6;
2023-02-21 23:47:53;18.93;735.95;39.75;-13.44;17596;0;0;3469.18;11;0.07;0;9;25;6;
2023-02-21 23:48:51;18.92;735.94;39.8;-13.5;17577;0;0;3469.18;11;0.07;0;9;25;6;
2023-02-21 23:49:50;18.98;735.94;39.8;-13.44;17598;0;0;3469.18;11;0.07;0;9;25;6;
2023-02-21 23:50:49;18.93;735.95;39.58;-13.63;17589;0;0;3469.18;11;0.07;0;9;25;6;
2023-02-21 23:51:47;18.92;735.93;39.85;-13.63;17597;0;0;3469.18;11;0.07;0;9;25;6;
2023-02-21 23:52:46;18.92;735.93;39.84;-13.38;17591;0;0;3469.18;11;0.07;0;9;25;6;
2023-02-21 23:53:45;18.94;735.93;39.86;-13.63;17595;0;0;3469.18;11;0.07;0;9;25;6;
2023-02-21 23:54:43;18.99;735.93;39.69;-13.44;17592;0;0;3469.18;11;0.07;0;9;25;6;
2023-02-21 23:55:42;19.01;735.92;39.77;-13.44;17595;0;0;3469.18;11;0.07;0;9;25;6;
2023-02-21 23:56:41;18.95;735.95;39.72;-13.5;17593;0;0;3469.18;11;0.07;0;9;25;6;
2023-02-21 23:57:39;18.99;735.91;39.71;-13.75;17599;0;0;3469.18;11;0.07;0;9;25;6;
2023-02-21 23:58:39;18.99;735.93;39.61;-13.56;17583;0;0;3469.18;11;0.07;0;9;25;6;
2023-02-21 23:59:37;18.97;735.93;39.44;-13.56;17583;0;0;3469.18;11;0.07;0;9;25;6;
